CATALUNYA;GLOBAL;2021-09-26;2021-10-02;Si;;;95.1272;42.5942;30;6125.0567;3749;565;1.1158;25;4;8;21;9;22;10;2428;440;55;96
CATALUNYA;GLOBAL;2021-09-25;2021-10-01;Si;;;99.3866;44.0140;31;6325.2498;3882;573;1.1156;28;3;9;22;9;23;10;2518;440;56;94
CATALUNYA;GLOBAL;2021-09-24;2021-09-30;Si;;;127.7828;49.6933;35;6284.0754;3799;627;1.2955;28;4;9;26;9;27;10;2406;450;58;106
CATALUNYA;GLOBAL;2021-09-23;2021-09-29;Si;;;151.9195;56.7923;40;6329.5093;3750;708;1.4157;35;3;9;29;11;30;11;2395;501;67;135
CATALUNYA;GLOBAL;2021-09-22;2021-09-28;Si;;;167.5374;61.0517;43;6468.6506;3842;714;1.3463;33;1;9;31;12;30;10;2471;500;87;154
CATALUNYA;GLOBAL;2021-09-21;2021-09-27;Si;;;178.8959;61.0517;43;6631.9286;3977;694;1.3239;30;1;8;31;12;31;10;2607;490;100;164
CATALUNYA;GLOBAL;2021-09-20;2021-09-26;Si;;;181.7355;53.9527;38;6788.1076;4175;606;1.3214;24;1;6;30;8;34;6;2624;403;101;163
CATALUNYA;GLOBAL;2021-09-19;2021-09-25;Si;;;178.8959;52.5329;37;6782.4284;4151;626;1.2203;28;1;5;30;7;32;5;2612;420;100;161
CATALUNYA;GLOBAL;2021-09-18;2021-09-24;Si;;;183.1553;55.3725;39;6776.7492;4152;621;1.2854;32;1;4;32;7;34;5;2616;418;102;163
CATALUNYA;GLOBAL;2021-09-17;2021-09-23;Si;;;177.4761;78.0895;55;7277.9418;4554;572;1.6596;44;1;7;47;8;49;6;2913;401;98;149
CATALUNYA;GLOBAL;2021-09-16;2021-09-22;Si;;;176.0563;95.1272;67;8126.9877;5197;527;1.7756;41;1;11;58;9;59;7;3334;383;87;117
CATALUNYA;GLOBAL;2021-09-15;2021-09-21;Si;;;191.6742;106.4856;75;8457.8032;5414;543;1.9866;41;1;10;64;11;66;11;3491;385;77;97
CATALUNYA;GLOBAL;2021-09-14;2021-09-20;Si;;;203.0327;117.8441;83;8569.9681;5435;601;2.2959;49;1;13;70;13;75;13;3413;420;69;82
CATALUNYA;GLOBAL;2021-09-13;2021-09-19;Si;;;215.8109;127.7828;90;8838.3121;5578;647;2.2676;55;1;14;74;16;75;16;3564;449;63;74
CATALUNYA;GLOBAL;2021-09-12;2021-09-18;Si;;;217.2308;126.3630;89;8932.0195;5643;648;2.2414;49;1;15;74;15;76;15;3616;444;63;75
CATALUNYA;GLOBAL;2021-09-11;2021-09-17;Si;;;214.3911;127.7828;90;8939.1185;5605;691;2.2610;46;1;18;74;16;76;16;3597;472;60;75
CATALUNYA;GLOBAL;2021-09-10;2021-09-16;Si;;;208.7119;99.3866;70;9086.7787;5703;697;1.7958;38;0;16;54;16;57;16;3586;479;61;94
CATALUNYA;GLOBAL;2021-09-09;2021-09-15;Si;;;194.5138;80.9291;57;8825.5338;5533;683;1.5742;36;0;12;44;13;48;13;3420;455;62;95
CATALUNYA;GLOBAL;2021-09-08;2021-09-14;Si;;;212.9713;85.1885;60;9088.1985;5708;693;1.7641;35;0;13;43;17;53;17;3503;465;66;89
CATALUNYA;GLOBAL;2021-09-07;2021-09-13;Si;;;225.7496;85.1885;60;9570.9336;6081;660;1.5206;32;0;11;40;20;44;20;3760;449;59;100
CATALUNYA;GLOBAL;2021-09-06;2021-09-12;Si;;;224.3298;88.0281;62;10588.9368;6807;651;1.4172;30;0;11;41;21;45;21;4204;453;63;110
CATALUNYA;GLOBAL;2021-09-05;2021-09-11;Si;;;227.1694;90.8677;64;10520.7860;6747;663;1.4929;32;0;9;41;23;46;23;4163;459;63;110
CATALUNYA;GLOBAL;2021-09-04;2021-09-10;Si;;;234.2685;86.6083;61;10533.5642;6790;629;1.4157;29;0;7;39;22;44;22;4221;441;63;109
CATALUNYA;GLOBAL;2021-09-03;2021-09-09;Si;;;244.2071;109.3253;77;11087.2898;6983;826;1.6541;31;0;7;53;24;57;24;4332;565;68;113
CATALUNYA;GLOBAL;2021-09-02;2021-09-08;Si;;;264.0845;113.5847;80;12312.5851;7829;843;1.5424;32;0;9;49;31;53;31;4886;560;84;130
CATALUNYA;GLOBAL;2021-09-01;2021-09-07;Si;;;262.6646;127.7828;90;13155.9518;8426;840;1.5697;32;0;11;67;23;69;23;5310;551;76;135
CATALUNYA;GLOBAL;2021-08-31;2021-09-06;Si;;;282.5420;140.5611;99;13571.9559;8578;981;1.8768;37;1;14;72;27;86;27;5408;613;79;126
CATALUNYA;GLOBAL;2021-08-30;2021-09-05;Si;;;285.3816;136.3016;96;13336.2676;8316;1077;1.8384;38;1;17;68;28;81;28;5276;653;79;115
CATALUNYA;GLOBAL;2021-08-29;2021-09-04;Si;;;288.2212;136.3016;96;13458.3711;8326;1153;1.8206;37;1;18;69;27;82;27;5276;711;79;117
CATALUNYA;GLOBAL;2021-08-28;2021-09-03;Si;;;337.9145;147.6601;104;13735.2339;8445;1229;1.8304;41;1;20;77;27;85;27;5364;755;80;120
CATALUNYA;GLOBAL;2021-08-27;2021-09-02;Si;;;349.2730;134.8818;95;14235.0068;8826;1200;1.6147;38;1;19;68;27;76;27;5643;736;77;129
CATALUNYA;GLOBAL;2021-08-26;2021-09-01;Si;;;373.4098;150.4997;106;14253.4643;8708;1331;1.7941;37;1;19;84;22;92;22;5524;830;70;128
CATALUNYA;GLOBAL;2021-08-25;2021-08-31;Si;;;364.8909;134.8818;95;14943.4915;9109;1416;1.5532;42;2;17;72;23;79;23;5681;886;81;140
CATALUNYA;GLOBAL;2021-08-24;2021-08-30;Si;;;366.3107;141.9809;100;15226.0336;9347;1377;1.4941;36;1;16;79;21;79;21;5796;897;83;161
CATALUNYA;GLOBAL;2021-08-23;2021-08-29;Si;;;411.7446;149.0799;105;16316.4470;9999;1493;1.4499;35;1;14;76;29;75;29;6209;964;81;175
CATALUNYA;GLOBAL;2021-08-22;2021-08-28;Si;;;423.1031;151.9195;107;16401.6356;9980;1572;1.4867;35;1;17;77;30;77;30;6203;994;82;174
CATALUNYA;GLOBAL;2021-08-21;2021-08-27;Si;;;433.0417;190.2544;134;16811.9604;10142;1699;1.9247;39;1;19;99;35;106;35;6269;1057;83;171
CATALUNYA;GLOBAL;2021-08-20;2021-08-26;Si;;;462.8577;214.3911;151;17432.4170;10476;1802;2.0469;39;1;22;111;40;117;40;6513;1157;90;173
CATALUNYA;GLOBAL;2021-08-19;2021-08-25;Si;;;469.9568;222.9100;157;18643.5143;11286;1845;2.0755;42;1;24;108;49;121;50;7036;1203;97;173
CATALUNYA;GLOBAL;2021-08-18;2021-08-24;Si;;;469.9568;230.0090;162;18740.0613;11362;1837;2.1422;45;0;30;110;52;121;54;6958;1211;91;158
CATALUNYA;GLOBAL;2021-08-17;2021-08-23;Si;;;496.9332;224.3298;158;19616.0835;11889;1927;1.9333;48;0;35;102;56;110;57;7387;1251;95;143
CATALUNYA;GLOBAL;2021-08-16;2021-08-22;Si;;;556.5651;262.6646;185;20507.7237;12446;1998;2.1983;50;0;37;128;57;142;58;7782;1316;105;146
CATALUNYA;GLOBAL;2021-08-15;2021-08-21;Si;;;569.3434;271.1835;191;20527.6010;12533;1925;2.2610;57;0;38;129;62;143;63;7839;1272;104;146
CATALUNYA;GLOBAL;2021-08-14;2021-08-20;Si;;;553.7255;242.7873;171;20766.1290;12681;1945;2.0026;60;0;44;108;63;121;64;7906;1332;105;147
CATALUNYA;GLOBAL;2021-08-13;2021-08-19;Si;;;641.7537;248.4666;175;21308.4961;13075;1933;2.0376;66;0;53;111;64;127;65;8108;1315;127;164
CATALUNYA;GLOBAL;2021-08-12;2021-08-18;Si;;;667.3103;247.0467;174;21116.8218;13009;1864;1.9968;76;0;61;112;62;124;62;8041;1274;140;190
CATALUNYA;GLOBAL;2021-08-11;2021-08-17;Si;;;739.7205;239.9477;169;21359.6092;13069;1975;1.8896;75;0;61;106;63;119;62;8252;1327;147;201
CATALUNYA;GLOBAL;2021-08-10;2021-08-16;Si;;;785.1544;272.6033;192;22082.2921;13551;2002;2.1190;76;0;61;136;56;152;57;8510;1353;159;203
CATALUNYA;GLOBAL;2021-08-09;2021-08-15;Si;;;802.1921;293.9004;207;22858.9277;14139;1961;2.1794;82;0;66;140;67;157;66;8905;1327;153;189
CATALUNYA;GLOBAL;2021-08-08;2021-08-14;Si;;;817.8100;298.1599;210;23194.0027;14369;1967;2.1601;83;0;67;142;68;156;68;9029;1341;155;187
CATALUNYA;GLOBAL;2021-08-07;2021-08-13;Si;;;843.3666;310.9382;219;23242.2762;14456;1914;2.1875;76;0;65;149;70;159;69;9127;1296;160;185
CATALUNYA;GLOBAL;2021-08-06;2021-08-12;Si;;;929.9750;393.2871;277;24914.8114;15445;2103;2.6673;75;0;66;205;72;226;71;9722;1413;158;153
CATALUNYA;GLOBAL;2021-08-05;2021-08-11;Si;;;1002.3852;420.2635;296;25523.9095;15808;2169;2.6762;66;0;59;224;72;238;70;10054;1455;164;109
CATALUNYA;GLOBAL;2021-08-04;2021-08-10;Si;;;1113.1303;499.7728;352;26713.7096;16680;2135;3.0527;72;0;55;274;78;296;76;10738;1448;178;110
CATALUNYA;GLOBAL;2021-08-03;2021-08-09;Si;;;1174.1821;512.5511;361;27565.5951;17145;2270;3.1101;76;1;54;281;80;313;78;11028;1544;206;103
CATALUNYA;GLOBAL;2021-08-02;2021-08-08;Si;;;1257.9509;508.2916;358;27591.1517;17027;2406;3.1195;79;1;53;283;75;312;77;10840;1630;215;105
CATALUNYA;GLOBAL;2021-08-01;2021-08-07;Si;;;1270.7292;519.6501;366;28098.0236;17043;2747;3.1316;79;1;56;285;81;317;82;10863;1878;218;105
CATALUNYA;GLOBAL;2021-07-31;2021-08-06;Si;;;1294.8659;532.4284;375;28614.8341;17406;2748;3.2395;85;1;54;291;84;332;88;11107;1858;211;107
CATALUNYA;GLOBAL;2021-07-30;2021-08-05;Si;;;1361.5970;536.6878;378;27792.7646;16576;2999;3.3154;87;3;54;290;88;327;93;10666;2002;224;112
CATALUNYA;GLOBAL;2021-07-29;2021-08-04;Si;;;1540.4929;582.1217;410;27767.2080;16413;3144;3.7442;92;3;58;313;97;364;108;10536;2070;217;140
CATALUNYA;GLOBAL;2021-07-28;2021-08-03;Si;;;1602.9645;613.3575;432;27452.0104;15950;3385;3.9427;93;4;67;307;125;348;136;10083;2193;222;133
CATALUNYA;GLOBAL;2021-07-27;2021-08-02;Si;;;1654.0776;661.6310;466;26510.6769;15313;3359;4.2592;94;3;69;300;166;336;176;9847;2174;186;129
CATALUNYA;GLOBAL;2021-07-26;2021-08-01;Si;;;1730.7473;749.6592;528;25971.1494;14832;3460;4.6416;102;3;74;346;182;372;183;9672;2285;190;128
CATALUNYA;GLOBAL;2021-07-25;2021-07-31;Si;;;1743.5256;751.0790;529;25861.8241;14928;3287;4.6934;102;4;75;350;179;378;180;9727;2162;186;133
CATALUNYA;GLOBAL;2021-07-24;2021-07-30;Si;;;1761.9831;762.4375;537;25944.1731;14933;3340;4.6821;105;5;80;352;185;371;185;9678;2197;187;135
CATALUNYA;GLOBAL;2021-07-23;2021-07-29;Si;;;1733.5870;824.9091;581;25129.2026;14688;3011;5.2253;108;3;76;394;187;417;186;9525;2015;225;173
CATALUNYA;GLOBAL;2021-07-22;2021-07-28;Si;;;1796.0586;958.3711;675;24723.1372;14493;2920;5.8221;111;4;73;489;186;484;181;9439;1983;234;164
CATALUNYA;GLOBAL;2021-07-21;2021-07-27;Si;;;1759.1435;989.6069;697;23899.6478;13930;2903;6.0911;104;3;64;501;196;498;187;9206;2040;239;172
CATALUNYA;GLOBAL;2021-07-20;2021-07-26;Si;;;1708.0304;992.4466;699;22932.7578;13024;3128;6.3086;111;3;58;525;174;518;162;8566;2213;250;184
CATALUNYA;GLOBAL;2021-07-19;2021-07-25;Si;;;1614.3230;981.0881;691;20379.9409;11313;3041;6.9862;103;3;47;516;175;502;170;7484;2135;233;193
CATALUNYA;GLOBAL;2021-07-18;2021-07-24;Si;;;1593.0258;992.4466;699;19587.6874;10896;2900;7.3000;103;3;41;516;183;501;176;7243;2031;235;192
CATALUNYA;GLOBAL;2021-07-17;2021-07-23;Si;;;1547.5920;999.5456;704;18617.9577;10328;2785;7.6949;98;2;31;511;193;501;185;6950;1965;237;194
CATALUNYA;GLOBAL;2021-07-16;2021-07-22;Si;;;1387.1535;908.6778;640;17737.6760;9957;2536;7.1774;97;2;23;446;194;424;185;6691;1794;199;152
CATALUNYA;GLOBAL;2021-07-15;2021-07-21;Si;;;1181.2812;837.6874;590;16158.8482;9033;2348;7.3503;92;2;18;367;223;365;212;6177;1673;189;145
CATALUNYA;GLOBAL;2021-07-14;2021-07-20;Si;;;1039.3003;769.5365;542;14472.1149;8109;2084;7.6584;93;2;14;349;193;352;186;5559;1466;224;143
CATALUNYA;GLOBAL;2021-07-13;2021-07-19;Si;;;927.1353;715.5838;504;12991.2539;7501;1649;7.8400;78;2;10;319;185;314;180;5130;1171;235;158
CATALUNYA;GLOBAL;2021-07-12;2021-07-18;Si;;;789.4139;633.2348;446;12105.2930;7116;1410;7.6274;68;2;9;276;170;286;166;4910;1016;250;166
CATALUNYA;GLOBAL;2021-07-11;2021-07-17;Si;;;751.0790;600.5792;423;12021.5243;7118;1349;7.3212;59;2;5;268;155;276;155;4904;983;247;167
CATALUNYA;GLOBAL;2021-07-10;2021-07-16;Si;;;692.8668;548.0463;386;11489.0958;6729;1363;7.0166;51;2;3;252;134;259;134;4615;986;247;179
CATALUNYA;GLOBAL;2021-07-09;2021-07-15;Si;;;599.1594;478.4756;337;9945.7632;5632;1373;7.0075;46;2;4;212;125;219;125;3958;951;240;187
CATALUNYA;GLOBAL;2021-07-08;2021-07-14;Si;;;433.0417;343.5938;242;8988.8119;4979;1352;5.5404;44;2;3;149;93;152;91;3469;917;239;213
CATALUNYA;GLOBAL;2021-07-07;2021-07-13;Si;;;339.3343;269.7637;190;7928.2144;4273;1311;4.8002;36;2;3;109;81;106;79;2972;882;196;243
CATALUNYA;GLOBAL;2021-07-06;2021-07-12;Si;;;265.5043;211.5515;149;7209.7910;3714;1364;4.1998;35;3;4;80;69;81;67;2609;915;195;232
CATALUNYA;GLOBAL;2021-07-05;2021-07-11;Si;;;198.7732;156.1790;110;6509.8250;3317;1268;3.4516;35;3;3;56;54;57;51;2303;826;193;238
CATALUNYA;GLOBAL;2021-07-04;2021-07-10;Si;;;190.2544;150.4997;106;6350.8064;3298;1175;3.3443;40;4;3;52;54;53;49;2289;761;194;245
CATALUNYA;GLOBAL;2021-07-03;2021-07-09;Si;;;180.3157;144.8205;102;6213.0849;3323;1053;3.2776;44;4;3;51;51;52;46;2312;678;202;238
CATALUNYA;GLOBAL;2021-07-02;2021-07-08;Si;;;150.4997;120.6837;85;5251.8741;2819;880;3.1250;37;4;2;42;43;42;39;2001;591;241;270
CATALUNYA;GLOBAL;2021-07-01;2021-07-07;Si;;;116.4243;89.4479;63;4304.8614;2191;841;2.9991;30;3;3;34;29;36;28;1578;556;246;284
CATALUNYA;GLOBAL;2021-06-30;2021-07-06;Si;;;102.2262;69.5706;49;3937.1308;2065;708;2.4839;26;3;3;27;22;29;21;1540;473;245;267
CATALUNYA;GLOBAL;2021-06-29;2021-07-05;Si;;;99.3866;53.9527;38;3479.9522;1958;493;2.2321;22;2;2;22;16;24;16;1483;309;247;279
CATALUNYA;GLOBAL;2021-06-28;2021-07-04;Si;;;83.7687;42.5942;30;3306.7355;1988;341;1.8681;17;2;2;20;10;22;10;1494;219;249;285
CATALUNYA;GLOBAL;2021-06-27;2021-07-03;Si;;;76.6696;39.7546;28;3292.5374;1986;333;1.7544;12;0;5;20;8;22;8;1497;213;252;284
CATALUNYA;GLOBAL;2021-06-26;2021-07-02;Si;;;69.5706;35.4952;25;3119.3207;1896;301;1.6079;8;0;5;20;5;20;6;1418;199;245;287
CATALUNYA;GLOBAL;2021-06-25;2021-07-01;Si;;;59.6319;29.8159;21;2894.9909;1753;286;1.4257;12;0;4;16;5;15;6;1285;188;178;253
CATALUNYA;GLOBAL;2021-06-24;2021-06-30;Si;;;55.3725;26.9763;19;2647.9441;1668;197;1.3808;15;0;3;15;4;14;5;1235;141;135;189
CATALUNYA;GLOBAL;2021-06-23;2021-06-29;Si;;;52.5329;32.6556;23;2457.6896;1555;176;1.7969;20;0;3;17;6;17;6;1153;127;135;178
CATALUNYA;GLOBAL;2021-06-22;2021-06-28;Si;;;51.1131;45.4338;32;2365.4020;1486;180;2.5848;22;1;5;21;11;21;11;1107;131;144;179
CATALUNYA;GLOBAL;2021-06-21;2021-06-27;Si;;;44.0140;41.1744;29;2223.4211;1393;173;2.2998;23;1;5;19;10;17;10;1048;126;147;171
CATALUNYA;GLOBAL;2021-06-20;2021-06-26;Si;;;41.1744;36.9150;26;2199.2844;1389;160;2.0495;22;1;4;18;8;16;8;1053;118;150;171
CATALUNYA;GLOBAL;2021-06-19;2021-06-25;Si;;;36.9150;34.0754;24;2124.0345;1332;164;1.8966;21;1;4;15;9;14;8;1035;125;164;167
CATALUNYA;GLOBAL;2021-06-18;2021-06-24;Si;;;34.0754;29.8159;21;2183.6665;1375;163;1.6447;17;1;5;13;8;13;7;1092;124;209;205
CATALUNYA;GLOBAL;2021-06-17;2021-06-23;Si;;;35.4952;28.3961;20;2413.6756;1503;197;1.4200;12;1;5;12;8;12;7;1184;154;271;241
CATALUNYA;GLOBAL;2021-06-16;2021-06-22;Si;;;28.3961;19.8773;14;2515.9018;1570;202;0.9434;11;1;6;8;6;7;6;1217;161;270;253
CATALUNYA;GLOBAL;2021-06-15;2021-06-21;Si;;;18.4575;5.6792;4;2517.3216;1564;209;0.2160;11;1;4;3;1;2;1;1218;171;269;241
CATALUNYA;GLOBAL;2021-06-14;2021-06-20;Si;;;14.1980;2.8396;2;2626.6469;1622;228;0.1370;11;1;4;1;1;1;1;1273;187;277;238
CATALUNYA;GLOBAL;2021-06-13;2021-06-19;Si;;;17.0377;4.2594;3;2623.8073;1623;225;0.2094;12;2;3;2;1;2;1;1251;182;278;232
CATALUNYA;GLOBAL;2021-06-12;2021-06-18;Si;;;15.6179;2.8396;2;2625.2271;1622;227;0.1404;14;2;5;2;0;2;0;1241;183;263;229
CATALUNYA;GLOBAL;2021-06-11;2021-06-17;Si;;;17.0377;4.2594;3;2609.6092;1615;223;0.2128;14;2;4;2;1;2;1;1228;182;279;250
CATALUNYA;GLOBAL;2021-06-10;2021-06-16;Si;;;18.4575;7.0990;5;2694.7978;1664;234;0.3506;15;2;5;4;1;4;1;1236;190;277;311
CATALUNYA;GLOBAL;2021-06-09;2021-06-15;Si;;;19.8773;8.5188;6;2680.5997;1662;226;0.4225;12;2;5;5;1;5;1;1237;183;296;328
CATALUNYA;GLOBAL;2021-06-08;2021-06-14;Si;;;19.8773;12.7782;9;2647.9441;1641;224;0.6531;11;1;6;6;3;6;3;1199;179;277;342
CATALUNYA;GLOBAL;2021-06-07;2021-06-13;Si;;;19.8773;11.3584;8;2578.3734;1609;207;0.6029;12;1;6;5;3;5;3;1159;168;296;330
CATALUNYA;GLOBAL;2021-06-06;2021-06-12;Si;;;18.4575;12.7782;9;2586.8923;1611;211;0.6691;10;0;5;4;5;4;5;1171;174;290;332
CATALUNYA;GLOBAL;2021-06-05;2021-06-11;Si;;;19.8773;12.7782;9;2619.5479;1631;214;0.6637;8;0;3;4;5;4;5;1184;172;289;335
CATALUNYA;GLOBAL;2021-06-04;2021-06-10;Si;;;22.7169;12.7782;9;2676.3402;1650;235;0.6479;9;0;3;5;4;5;4;1198;191;295;366
CATALUNYA;GLOBAL;2021-06-03;2021-06-09;Si;;;21.2971;11.3584;8;2535.7791;1587;199;0.5944;9;1;2;4;4;4;4;1184;162;275;348
CATALUNYA;GLOBAL;2021-06-02;2021-06-08;Si;;;28.3961;11.3584;8;2576.9536;1620;195;0.5878;9;1;1;4;4;4;4;1205;156;281;384
CATALUNYA;GLOBAL;2021-06-01;2021-06-07;Si;;;31.2358;7.0990;5;2728.8732;1725;197;0.3453;10;2;0;3;2;3;2;1290;158;280;416
CATALUNYA;GLOBAL;2021-05-31;2021-06-06;Si;;;34.0754;8.5188;6;2832.5193;1777;218;0.3981;9;2;2;4;2;4;2;1331;176;261;453
CATALUNYA;GLOBAL;2021-05-30;2021-06-05;Si;;;31.2358;5.6792;4;2858.0758;1791;222;0.2639;11;2;2;4;0;4;0;1339;177;259;464
CATALUNYA;GLOBAL;2021-05-29;2021-06-04;Si;;;31.2358;7.0990;5;2909.1890;1818;231;0.3232;12;2;2;5;0;5;0;1362;185;259;472
CATALUNYA;GLOBAL;2021-05-28;2021-06-03;Si;;;32.6556;9.9386;7;2958.8823;1848;236;0.5073;12;2;5;5;2;6;2;1390;187;282;548
CATALUNYA;GLOBAL;2021-05-27;2021-06-02;Si;;;35.4952;9.9386;7;3027.0331;1891;241;0.5587;12;1;7;5;2;7;2;1424;187;294;575
CATALUNYA;GLOBAL;2021-05-26;2021-06-01;Si;;;36.9150;17.0377;12;3015.6746;1881;243;0.8594;15;1;7;9;3;11;3;1439;190;289;559
CATALUNYA;GLOBAL;2021-05-25;2021-05-31;Si;;;42.5942;24.1367;17;3151.9763;1963;257;1.1203;14;0;8;12;5;14;5;1498;198;314;542
CATALUNYA;GLOBAL;2021-05-24;2021-05-30;Si;;;46.8537;25.5565;18;2981.5992;1857;243;1.3208;15;1;7;11;7;14;7;1407;183;293;509
CATALUNYA;GLOBAL;2021-05-23;2021-05-29;Si;;;48.2735;25.5565;18;2951.7832;1843;236;1.3367;14;1;7;11;7;14;7;1396;175;295;499
CATALUNYA;GLOBAL;2021-05-22;2021-05-28;Si;;;46.8537;24.1367;17;2868.0145;1795;225;1.3175;17;1;7;10;7;13;7;1354;164;297;508
CATALUNYA;GLOBAL;2021-05-21;2021-05-27;Si;;;45.4338;22.7169;16;2761.5288;1738;207;1.2371;16;1;4;11;5;13;5;1302;153;269;517
CATALUNYA;GLOBAL;2021-05-20;2021-05-26;Si;;;46.8537;25.5565;18;2842.4579;1755;247;1.3578;18;1;3;13;5;15;5;1288;185;334;477
CATALUNYA;GLOBAL;2021-05-19;2021-05-25;Si;;;44.0140;19.8773;14;2968.8209;1833;258;1.1082;16;1;3;10;4;13;4;1337;197;368;440
CATALUNYA;GLOBAL;2021-05-18;2021-05-24;Si;;;36.9150;18.4575;13;2941.8446;1819;253;0.9241;15;1;3;11;2;12;2;1325;190;368;423
CATALUNYA;GLOBAL;2021-05-17;2021-05-23;Si;;;39.7546;21.2971;15;3100.8632;1907;277;0.9877;12;1;3;14;1;15;1;1411;209;382;415
CATALUNYA;GLOBAL;2021-05-16;2021-05-22;Si;;;44.0140;22.7169;16;3127.8396;1926;277;1.0391;11;1;4;15;1;16;1;1427;209;386;407
CATALUNYA;GLOBAL;2021-05-15;2021-05-21;Si;;;48.2735;22.7169;16;3123.5801;1929;271;1.0309;10;1;5;15;1;16;1;1441;208;389;380
CATALUNYA;GLOBAL;2021-05-14;2021-05-20;Si;;;52.5329;22.7169;16;3198.8300;1965;288;0.9507;10;2;5;15;1;15;1;1470;213;432;363
CATALUNYA;GLOBAL;2021-05-13;2021-05-19;Si;;;49.6933;21.2971;15;3230.0658;2009;266;0.8065;10;2;4;14;1;13;1;1536;200;419;491
CATALUNYA;GLOBAL;2021-05-12;2021-05-18;Si;;;56.7923;24.1367;17;3316.6742;2061;275;0.8389;9;3;4;14;3;12;3;1585;203;427;560
CATALUNYA;GLOBAL;2021-05-11;2021-05-17;Si;;;56.7923;18.4575;13;3230.0658;1996;279;0.7429;12;3;3;10;3;10;3;1538;212;442;597
CATALUNYA;GLOBAL;2021-05-10;2021-05-16;Si;;;61.0517;18.4575;13;3394.7637;2117;274;0.6547;15;3;2;11;2;10;2;1621;212;490;606
CATALUNYA;GLOBAL;2021-05-09;2021-05-15;Si;;;59.6319;21.2971;15;3448.7164;2144;285;0.8060;18;3;2;12;3;12;3;1640;221;496;606
CATALUNYA;GLOBAL;2021-05-08;2021-05-14;Si;;;61.0517;25.5565;18;3559.4616;2206;301;0.9409;17;3;4;13;5;13;5;1681;232;516;606
CATALUNYA;GLOBAL;2021-05-07;2021-05-13;Si;;;85.1885;29.8159;21;3786.6310;2352;315;1.2419;17;2;4;14;7;18;7;1774;239;591;634
CATALUNYA;GLOBAL;2021-05-06;2021-05-12;Si;;;113.5847;28.3961;20;3842.0036;2373;333;1.1799;18;2;6;13;7;17;7;1784;250;609;738
CATALUNYA;GLOBAL;2021-05-05;2021-05-11;Si;;;126.3630;32.6556;23;4003.8618;2490;330;1.4347;20;1;7;17;6;24;6;1842;249;600;896
CATALUNYA;GLOBAL;2021-05-04;2021-05-10;Si;;;144.8205;38.3348;27;4111.7673;2559;337;1.5356;21;1;8;21;6;27;6;1894;255;586;991
CATALUNYA;GLOBAL;2021-05-03;2021-05-09;Si;;;174.6365;42.5942;30;4174.2389;2589;351;1.8704;26;0;8;23;7;32;9;1924;268;592;996
CATALUNYA;GLOBAL;2021-05-02;2021-05-08;Si;;;187.4148;38.3348;27;4182.7578;2591;355;1.6788;25;0;7;21;6;29;8;1930;274;583;996
CATALUNYA;GLOBAL;2021-05-01;2021-05-07;Si;;;190.2544;35.4952;25;4275.0454;2654;357;1.5084;25;0;5;20;5;28;6;1980;274;567;997
CATALUNYA;GLOBAL;2021-04-30;2021-05-06;Si;;;198.7732;55.3725;39;4425.5452;2769;348;1.7684;28;0;5;34;5;36;6;2101;274;602;1416
CATALUNYA;GLOBAL;2021-04-29;2021-05-05;Si;;;204.4525;85.1885;60;4446.8423;2785;347;2.7322;31;0;4;54;6;58;7;2110;269;565;1706
CATALUNYA;GLOBAL;2021-04-28;2021-05-04;Si;;;203.0327;93.7074;66;4238.1303;2640;345;2.9347;35;1;3;57;9;57;10;2016;267;557;2019
CATALUNYA;GLOBAL;2021-04-27;2021-05-03;Si;;;208.7119;106.4856;75;4276.4652;2650;362;3.4076;37;1;2;63;12;65;13;2010;279;583;2165
CATALUNYA;GLOBAL;2021-04-26;2021-05-02;Si;;;203.0327;132.0422;93;4442.5829;2770;359;4.0688;33;1;2;74;19;79;18;2102;282;534;2149
CATALUNYA;GLOBAL;2021-04-25;2021-05-01;Si;;;208.7119;149.0799;105;4404.2480;2739;363;4.6186;33;1;3;75;30;80;29;2076;284;533;2149
CATALUNYA;GLOBAL;2021-04-24;2021-04-30;Si;;;211.5515;154.7592;109;4313.3802;2679;359;4.9351;41;2;5;80;29;85;29;2026;284;529;2149
CATALUNYA;GLOBAL;2021-04-23;2021-04-29;Si;;;190.2544;143.4007;101;3934.2912;2419;352;5.1551;44;3;5;71;30;79;29;1815;280;420;1646
CATALUNYA;GLOBAL;2021-04-22;2021-04-28;Si;;;167.5374;119.2639;84;3941.3902;2432;344;4.1843;44;3;6;54;30;60;29;1841;286;487;1691
CATALUNYA;GLOBAL;2021-04-21;2021-04-27;Si;;;156.1790;109.3253;77;3982.5647;2444;361;3.8231;42;2;8;48;29;55;28;1869;302;548;1885
CATALUNYA;GLOBAL;2021-04-20;2021-04-26;Si;;;146.2403;102.2262;72;3884.5979;2401;335;3.6483;39;2;8;46;26;53;25;1856;282;571;2096
CATALUNYA;GLOBAL;2021-04-19;2021-04-25;Si;;;120.6837;70.9904;50;3602.0558;2200;337;2.5784;43;3;9;31;19;33;18;1699;279;553;2098
CATALUNYA;GLOBAL;2021-04-18;2021-04-24;Si;;;110.7451;59.6319;42;3624.7728;2222;331;2.1021;47;4;9;32;10;33;9;1723;275;551;2098
CATALUNYA;GLOBAL;2021-04-17;2021-04-23;Si;;;107.9054;56.7923;40;3565.1408;2183;328;2.0728;39;3;11;29;11;31;10;1704;274;543;2097
CATALUNYA;GLOBAL;2021-04-16;2021-04-22;Si;;;102.2262;46.8537;33;3722.7396;2283;339;1.6513;36;2;13;25;8;26;8;1781;278;645;2356
CATALUNYA;GLOBAL;2021-04-15;2021-04-21;Si;;;110.7451;48.2735;34;3644.6501;2222;345;1.8063;34;2;14;25;9;26;10;1718;275;779;2107
CATALUNYA;GLOBAL;2021-04-14;2021-04-20;Si;;;126.3630;46.8537;33;3722.7396;2288;334;1.7813;32;2;15;26;7;29;7;1755;266;915;1571
CATALUNYA;GLOBAL;2021-04-13;2021-04-19;Si;;;133.4620;44.0140;31;3905.8950;2395;356;1.4939;30;2;15;24;7;25;7;1859;283;985;1188
CATALUNYA;GLOBAL;2021-04-12;2021-04-18;Si;;;130.6224;49.6933;35;4398.5688;2521;577;1.4755;24;2;14;28;7;27;8;1938;434;1001;1192
CATALUNYA;GLOBAL;2021-04-11;2021-04-17;Si;;;124.9432;51.1131;36;4436.9036;2542;583;1.5520;20;3;14;28;8;29;8;1948;436;1003;1197
CATALUNYA;GLOBAL;2021-04-10;2021-04-16;Si;;;123.5233;51.1131;36;4564.6865;2614;601;1.4760;27;3;10;28;8;28;8;1994;445;1009;1201
CATALUNYA;GLOBAL;2021-04-09;2021-04-15;Si;;;123.5233;55.3725;39;4668.3325;2675;613;1.6813;28;3;12;30;9;33;9;2040;458;1347;1158
CATALUNYA;GLOBAL;2021-04-08;2021-04-14;Si;;;123.5233;62.4716;44;4845.8087;2775;638;1.8049;31;4;10;34;10;38;9;2122;482;1681;937
CATALUNYA;GLOBAL;2021-04-07;2021-04-13;Si;;;130.6224;79.5093;56;5122.6715;2886;722;2.1966;32;5;9;41;15;46;15;2226;551;2067;903
CATALUNYA;GLOBAL;2021-04-06;2021-04-12;Si;;;136.3016;89.4479;63;5327.1240;2956;796;2.3902;38;5;10;45;18;50;18;2257;588;2227;835
CATALUNYA;GLOBAL;2021-04-05;2021-04-11;Si;;;143.4007;80.9291;57;4573.2053;2626;595;2.4950;41;6;10;40;17;46;16;2025;460;2209;821
CATALUNYA;GLOBAL;2021-04-04;2021-04-10;Si;;;137.7214;73.8300;52;4566.1063;2629;587;2.3021;43;4;10;38;14;43;14;2021;455;2208;816
CATALUNYA;GLOBAL;2021-04-03;2021-04-09;Si;;;143.4007;72.4102;51;4445.4225;2554;577;2.3131;41;5;12;38;13;43;13;1970;451;2209;813
CATALUNYA;GLOBAL;2021-04-02;2021-04-08;Si;;;141.9809;68.1508;48;4036.5174;2285;558;2.3056;41;5;12;36;12;39;12;1771;441;1679;474
CATALUNYA;GLOBAL;2021-04-01;2021-04-07;Si;;;137.7214;61.0517;43;3873.2394;2192;536;2.1637;39;4;13;33;10;36;10;1703;423;1594;584
CATALUNYA;GLOBAL;2021-03-31;2021-04-06;Si;;;126.3630;51.1131;36;3668.7869;2119;465;1.9010;37;3;13;28;8;29;9;1642;357;1734;823
CATALUNYA;GLOBAL;2021-03-30;2021-04-05;Si;;;127.7828;46.8537;33;3413.2212;2017;387;1.9190;39;4;12;23;10;26;10;1569;307;2125;1047
CATALUNYA;GLOBAL;2021-03-29;2021-04-04;Si;;;147.6601;62.4716;44;4162.8805;2334;598;2.0824;42;2;12;29;15;32;15;1811;446;2176;1099
CATALUNYA;GLOBAL;2021-03-28;2021-04-03;Si;;;151.9195;63.8914;45;4154.3616;2316;610;2.1267;44;3;12;29;16;32;16;1801;456;2175;1099
CATALUNYA;GLOBAL;2021-03-27;2021-04-02;Si;;;156.1790;70.9904;50;4246.6492;2378;613;2.2501;42;3;10;33;17;35;17;1854;457;2183;1111
CATALUNYA;GLOBAL;2021-03-26;2021-04-01;Si;;;157.5988;73.8300;52;4584.5638;2575;654;2.0951;46;4;6;32;20;32;20;2002;480;2514;1570
CATALUNYA;GLOBAL;2021-03-25;2021-03-31;Si;;;157.5988;76.6696;54;4689.6297;2626;677;2.0998;43;4;5;35;19;34;19;2032;492;2347;1875
CATALUNYA;GLOBAL;2021-03-24;2021-03-30;Si;;;154.7592;75.2498;53;4639.9363;2584;684;2.0817;52;5;4;37;16;37;15;2000;498;1901;2117
CATALUNYA;GLOBAL;2021-03-23;2021-03-29;Si;;;150.4997;80.9291;57;4850.0681;2668;748;2.1673;48;4;6;44;13;44;13;2063;567;1292;2120
CATALUNYA;GLOBAL;2021-03-22;2021-03-28;Si;;;149.0799;85.1885;60;4835.8700;2689;717;2.2078;45;4;6;50;10;48;10;2087;540;1351;2200
CATALUNYA;GLOBAL;2021-03-21;2021-03-27;Si;;;151.9195;88.0281;62;4798.9550;2676;704;2.2989;42;5;6;51;11;49;11;2082;528;1351;2200
CATALUNYA;GLOBAL;2021-03-20;2021-03-26;Si;;;144.8205;85.1885;60;4757.7805;2649;702;2.2489;43;4;7;50;10;48;10;2055;524;1337;2193
CATALUNYA;GLOBAL;2021-03-19;2021-03-25;Si;;;144.8205;83.7687;59;4774.8182;2674;689;2.3507;39;3;9;50;9;52;9;2079;516;1166;2435
CATALUNYA;GLOBAL;2021-03-18;2021-03-24;Si;;;150.4997;80.9291;57;4789.0163;2666;707;2.2597;44;5;8;48;9;50;9;2078;533;910;2722
CATALUNYA;GLOBAL;2021-03-17;2021-03-23;Si;;;147.6601;79.5093;56;4787.5965;2659;713;2.0793;37;4;9;47;9;45;9;2056;541;666;2933
CATALUNYA;GLOBAL;2021-03-16;2021-03-22;Si;;;140.5611;69.5706;49;4621.4788;2589;666;1.9968;37;4;9;39;10;38;12;2003;501;605;3158
CATALUNYA;GLOBAL;2021-03-15;2021-03-21;Si;;;139.1412;63.8914;45;4824.5115;2701;697;1.8462;38;5;13;36;9;36;12;2084;516;618;3317
CATALUNYA;GLOBAL;2021-03-14;2021-03-20;Si;;;150.4997;63.8914;45;4868.5256;2715;714;1.8695;42;4;13;37;8;38;11;2090;531;620;3341
CATALUNYA;GLOBAL;2021-03-13;2021-03-19;Si;;;146.2403;59.6319;42;4875.6247;2718;716;1.7925;40;4;12;33;9;35;12;2085;537;657;3439
CATALUNYA;GLOBAL;2021-03-12;2021-03-18;Si;;;159.0186;61.0517;43;4946.6151;2759;725;1.7763;39;4;15;33;10;34;13;2097;549;644;3184
CATALUNYA;GLOBAL;2021-03-11;2021-03-17;Si;;;159.0186;69.5706;49;4935.2567;2710;766;1.9749;40;3;17;35;14;36;16;2055;578;822;2592
CATALUNYA;GLOBAL;2021-03-10;2021-03-16;Si;;;164.6978;68.1508;48;5007.6669;2758;769;2.0179;42;4;18;33;15;36;18;2097;579;1123;2025
CATALUNYA;GLOBAL;2021-03-09;2021-03-15;Si;;;173.2167;70.9904;50;5258.9731;2947;757;1.7940;47;6;17;35;15;36;14;2225;562;1339;1763
CATALUNYA;GLOBAL;2021-03-08;2021-03-14;Si;;;181.7355;75.2498;53;5447.8078;3091;746;1.9157;49;5;16;35;18;39;16;2300;571;1316;1672
CATALUNYA;GLOBAL;2021-03-07;2021-03-13;Si;;;181.7355;86.6083;61;5467.6851;3110;741;2.1181;51;4;15;38;23;42;19;2312;568;1315;1648
CATALUNYA;GLOBAL;2021-03-06;2021-03-12;Si;;;180.3157;86.6083;61;5488.9822;3108;758;2.1020;55;4;17;38;23;42;19;2320;582;1311;1590
CATALUNYA;GLOBAL;2021-03-05;2021-03-11;Si;;;183.1553;97.9668;69;5626.7037;3201;762;2.3882;57;5;14;44;25;48;23;2392;581;1553;1414
CATALUNYA;GLOBAL;2021-03-04;2021-03-10;Si;;;178.8959;89.4479;63;5835.4157;3405;705;2.1131;54;4;16;39;24;43;22;2542;534;1831;1310
CATALUNYA;GLOBAL;2021-03-03;2021-03-09;Si;;;183.1553;96.5470;68;6325.2498;3693;762;2.0859;52;6;16;44;24;48;21;2725;583;2135;1125
CATALUNYA;GLOBAL;2021-03-02;2021-03-08;Si;;;201.6129;102.2262;72;6627.6692;3862;806;2.1131;45;4;16;48;24;52;22;2883;619;2208;1228
CATALUNYA;GLOBAL;2021-03-01;2021-03-07;Si;;;200.1930;106.4856;75;7282.2012;4300;829;1.9306;43;4;15;53;22;54;20;3203;630;2206;1164
CATALUNYA;GLOBAL;2021-02-28;2021-03-06;Si;;;193.0940;95.1272;67;7253.8050;4275;834;1.7544;38;4;19;50;17;50;17;3184;635;2207;1175
CATALUNYA;GLOBAL;2021-02-27;2021-03-05;Si;;;204.4525;93.7074;66;7333.3144;4303;862;1.7394;33;5;19;50;16;51;16;3196;656;2195;1167
CATALUNYA;GLOBAL;2021-02-26;2021-03-04;Si;;;214.3911;85.1885;60;7576.1017;4467;869;1.4610;32;4;18;48;12;48;10;3306;664;2377;1219
CATALUNYA;GLOBAL;2021-02-25;2021-03-03;Si;;;238.5279;89.4479;63;8067.3557;4797;885;1.4834;33;5;18;54;9;55;8;3565;682;2626;1397
CATALUNYA;GLOBAL;2021-02-24;2021-03-02;Si;;;245.6269;86.6083;61;8426.5674;5073;862;1.3587;38;2;19;52;9;51;9;3758;658;2874;1428
CATALUNYA;GLOBAL;2021-02-23;2021-03-01;Si;;;247.0467;99.3866;70;8875.2271;5385;866;1.5763;43;3;20;60;10;63;10;3966;665;3099;1410
CATALUNYA;GLOBAL;2021-02-22;2021-02-28;Si;;;269.7637;93.7074;66;8808.4961;5281;923;1.5570;46;3;21;55;11;59;12;3865;695;3362;1706
CATALUNYA;GLOBAL;2021-02-21;2021-02-27;Si;;;274.0231;97.9668;69;8897.9441;5349;918;1.6090;48;3;25;57;12;61;13;3908;691;3390;1702
CATALUNYA;GLOBAL;2021-02-20;2021-02-26;Si;;;286.8014;110.7451;78;9058.3825;5495;885;1.6942;50;2;27;64;14;64;15;3996;667;3518;1894
CATALUNYA;GLOBAL;2021-02-19;2021-02-25;Si;;;302.4193;129.2026;91;9132.2126;5559;873;2.0072;53;2;31;73;18;76;19;4073;660;3493;2007
CATALUNYA;GLOBAL;2021-02-18;2021-02-24;Si;;;346.4334;149.0799;105;9680.2589;5931;887;2.2248;56;2;29;86;19;93;20;4401;678;3009;2008
CATALUNYA;GLOBAL;2021-02-17;2021-02-23;Si;;;394.7069;159.0186;112;9981.2585;6038;992;2.2758;57;2;31;92;20;99;20;4477;752;2275;2169
CATALUNYA;GLOBAL;2021-02-16;2021-02-22;Si;;;484.1549;147.6601;104;10654.2480;6403;1101;2.0415;59;1;29;88;16;96;18;4770;814;1927;2241
CATALUNYA;GLOBAL;2021-02-15;2021-02-21;Si;;;540.9472;176.0563;124;11077.3512;6807;995;2.1794;60;3;32;106;18;110;19;5159;760;1904;2873
CATALUNYA;GLOBAL;2021-02-14;2021-02-20;Si;;;542.3671;176.0563;124;11180.9972;6839;1036;2.1543;61;3;27;105;19;109;20;5197;791;1874;2867
CATALUNYA;GLOBAL;2021-02-13;2021-02-19;Si;;;546.6265;176.0563;124;11277.5442;6835;1108;2.1539;65;3;36;104;20;110;21;5226;856;1795;3200
CATALUNYA;GLOBAL;2021-02-12;2021-02-18;Si;;;560.8246;173.2167;122;12711.5515;7452;1501;1.8549;68;7;36;106;16;109;17;5668;1125;1412;3616
CATALUNYA;GLOBAL;2021-02-11;2021-02-17;Si;;;603.4189;197.3534;139;13631.5879;7753;1848;1.9918;70;6;38;119;20;124;21;5898;1382;1192;3970
CATALUNYA;GLOBAL;2021-02-10;2021-02-16;Si;;;658.7914;235.6883;166;14974.7273;8302;2245;2.0778;70;7;46;145;21;143;22;6245;1696;1117;4002
CATALUNYA;GLOBAL;2021-02-09;2021-02-15;Si;;;735.4611;336.4947;237;16070.8200;8860;2459;2.7581;75;7;49;206;31;203;31;6599;1885;1227;4393
CATALUNYA;GLOBAL;2021-02-08;2021-02-14;Si;;;805.0318;364.8909;257;17277.6578;9313;2856;2.8232;77;7;57;219;38;221;38;7002;2172;1050;4728
CATALUNYA;GLOBAL;2021-02-07;2021-02-13;Si;;;827.7487;366.3107;258;17703.6006;9491;2978;2.7665;83;8;66;220;38;222;38;7141;2257;1066;5103
CATALUNYA;GLOBAL;2021-02-06;2021-02-12;Si;;;876.0222;370.5701;261;18683.2689;10073;3086;2.6506;86;8;64;220;41;223;41;7619;2341;1072;5580
CATALUNYA;GLOBAL;2021-02-05;2021-02-11;Si;;;962.6306;387.6079;273;19119.1503;10264;3202;2.7085;93;5;75;228;45;231;46;7752;2475;1107;7157
CATALUNYA;GLOBAL;2021-02-04;2021-02-10;Si;;;1039.3003;406.0654;286;20010.7905;11018;3076;2.6706;99;5;90;240;46;236;47;8227;2370;1291;9319
CATALUNYA;GLOBAL;2021-02-03;2021-02-09;Si;;;1086.1540;423.1031;298;21214.7887;11907;3035;2.7412;112;5;90;251;47;263;47;8941;2368;1298;11693
CATALUNYA;GLOBAL;2021-02-02;2021-02-08;Si;;;1098.9323;398.9663;281;21447.6374;11844;3262;2.5347;117;5;100;236;45;245;45;8927;2514;1157;13639
CATALUNYA;GLOBAL;2021-02-01;2021-02-07;Si;;;1225.2953;440.1408;310;21928.9527;12132;3313;2.8169;121;4;103;263;47;278;50;9120;2524;1279;14996
CATALUNYA;GLOBAL;2021-01-31;2021-02-06;Si;;;1273.5688;461.4379;325;21826.7264;11950;3423;2.8815;122;3;108;277;48;286;48;8968;2623;1470;16604
CATALUNYA;GLOBAL;2021-01-30;2021-02-05;Si;;;1323.2621;505.4520;356;22122.0467;12025;3556;3.1966;131;3;117;297;59;316;58;9028;2672;1652;19077
CATALUNYA;GLOBAL;2021-01-29;2021-02-04;Si;;;1408.4507;575.0227;405;23693.7755;13001;3687;3.4048;141;4;134;332;73;358;71;9815;2785;1748;21748
CATALUNYA;GLOBAL;2021-01-28;2021-02-03;Si;;;1502.1581;633.2348;446;24619.4911;13122;4218;3.7006;159;4;133;342;104;382;106;9980;3207;1829;24371
CATALUNYA;GLOBAL;2021-01-27;2021-02-02;Si;;;1639.8796;663.0508;467;25968.3098;14045;4245;3.6768;162;4;146;343;124;383;128;10659;3239;2023;23278
CATALUNYA;GLOBAL;2021-01-26;2021-02-01;Si;;;1930.9404;699.9659;493;26935.1999;14646;4325;3.6876;163;4;150;362;131;399;136;11114;3394;2188;24405
CATALUNYA;GLOBAL;2021-01-25;2021-01-31;Si;;;2081.4402;785.1544;553;28153.3961;15025;4804;3.8375;177;4;167;411;142;435;143;11311;3751;2838;22812
CATALUNYA;GLOBAL;2021-01-24;2021-01-30;Si;;;2121.1949;812.1308;572;28922.9327;15499;4872;3.9354;184;4;179;411;161;445;164;11647;3828;2746;21063
CATALUNYA;GLOBAL;2021-01-23;2021-01-29;Si;;;2195.0249;817.8100;576;29338.9368;15541;5123;3.8732;184;5;176;417;159;443;163;11589;4057;2978;18362
CATALUNYA;GLOBAL;2021-01-22;2021-01-28;Si;;;2267.4352;833.4279;587;30923.4438;16281;5499;3.7419;192;4;180;422;165;437;173;12096;4206;3437;14504
CATALUNYA;GLOBAL;2021-01-21;2021-01-27;Si;;;2295.8314;868.9232;612;31846.3198;17121;5309;3.6859;193;5;188;460;152;460;152;12613;3991;3695;10024
CATALUNYA;GLOBAL;2021-01-20;2021-01-26;Si;;;2442.0717;976.8287;688;32385.8473;17319;5491;4.0172;200;5;184;513;175;509;173;12915;4062;3634;9339
CATALUNYA;GLOBAL;2021-01-19;2021-01-25;Si;;;2664.9818;1230.9745;867;36084.4502;19953;5462;4.5217;223;6;194;638;229;644;213;14970;3983;3891;5794
CATALUNYA;GLOBAL;2021-01-18;2021-01-24;Si;;;2778.5665;1296.2857;913;37285.6088;20816;5445;4.5112;222;6;183;666;247;660;225;15658;3960;4201;4785
CATALUNYA;GLOBAL;2021-01-17;2021-01-23;Si;;;2801.2835;1309.0640;922;37867.7305;21156;5515;4.5402;227;6;176;681;241;683;221;15928;3983;4429;4640
CATALUNYA;GLOBAL;2021-01-16;2021-01-22;Si;;;2842.4579;1377.2149;970;38424.2957;21582;5481;4.6649;233;6;177;717;253;717;222;16217;3912;4760;3828
CATALUNYA;GLOBAL;2021-01-15;2021-01-21;Si;;;2978.7596;1434.0072;1010;39561.5629;22425;5439;4.7124;233;5;161;741;269;752;232;16924;3957;6297;2565
CATALUNYA;GLOBAL;2021-01-14;2021-01-20;Si;;;3117.9009;1426.9082;1005;42254.9409;24168;5593;4.3861;231;7;154;739;266;755;226;18243;4123;8537;1555
CATALUNYA;GLOBAL;2021-01-13;2021-01-19;Si;;;2981.5992;1465.2430;1032;49006.1335;28373;6143;3.8753;228;6;148;769;263;783;219;21421;4435;10719;586
CATALUNYA;GLOBAL;2021-01-12;2021-01-18;Si;;;2795.6042;1434.0072;1010;52674.9204;30872;6228;3.5684;224;5;145;743;267;762;232;23354;4502;13029;244
CATALUNYA;GLOBAL;2021-01-11;2021-01-17;Si;;;2700.4770;1482.2807;1044;56139.2548;33106;6434;3.5203;227;4;138;780;264;818;230;25084;4686;14573;90
CATALUNYA;GLOBAL;2021-01-10;2021-01-16;Si;;;2710.4157;1492.2194;1051;56029.9295;33281;6182;3.4665;222;5;133;780;271;808;226;25328;4500;16280;0
CATALUNYA;GLOBAL;2021-01-09;2021-01-15;Si;;;2673.5006;1465.2430;1032;56667.4238;33845;6067;3.3500;222;6;136;739;293;770;246;25880;4448;19290;0
CATALUNYA;GLOBAL;2021-01-08;2021-01-14;Si;;;2555.6565;1544.7523;1088;57253.8050;34222;6103;3.4228;211;6;132;804;284;817;226;25959;4513;22321;0
CATALUNYA;GLOBAL;2021-01-07;2021-01-13;Si;;;2558.4961;1690.9927;1191;57055.0318;33311;6874;3.8347;199;5;129;832;359;869;300;25424;5061;25525;0
CATALUNYA;GLOBAL;2021-01-06;2021-01-12;Si;;;2483.2462;1516.3562;1068;45555.9972;26196;5890;4.2350;185;5;125;739;329;775;263;20045;4465;24252;0
CATALUNYA;GLOBAL;2021-01-05;2021-01-11;Si;;;2251.8173;1361.5970;959;39075.9881;21215;6307;4.3993;166;7;122;650;309;682;243;16309;4717;26530;0
CATALUNYA;GLOBAL;2021-01-04;2021-01-10;Si;;;2148.1712;1218.1962;858;35232.5647;18050;6765;4.3862;148;8;114;546;312;588;242;13954;4969;25062;0
CATALUNYA;GLOBAL;2021-01-03;2021-01-09;Si;;;2098.4779;1218.1962;858;34237.2785;17259;6855;4.4802;149;7;109;558;300;584;237;13294;5031;23013;0
CATALUNYA;GLOBAL;2021-01-02;2021-01-08;Si;;;2061.5629;1208.2576;851;33288.8459;16525;6921;4.6130;138;6;107;567;284;583;237;12695;5081;20512;0
CATALUNYA;GLOBAL;2021-01-01;2021-01-07;Si;;;1817.3557;1010.9041;712;26479.4411;12500;6150;4.8169;132;6;99;430;282;454;238;9835;4531;15155;0
CATALUNYA;GLOBAL;2020-12-31;2021-01-06;Si;;;1590.1862;867.5034;611;23472.2853;10559;5973;4.4237;132;5;97;391;220;381;184;8333;4439;10793;0
CATALUNYA;GLOBAL;2020-12-30;2021-01-05;Si;;;1699.5115;966.8900;681;28376.3062;12806;7180;4.1376;134;7;96;437;244;424;211;10082;5265;11260;0
CATALUNYA;GLOBAL;2020-12-29;2021-01-04;Si;;;1673.9550;890.2203;627;27859.4956;11883;7739;3.8327;136;7;85;416;211;394;177;9340;5558;6396;0
CATALUNYA;GLOBAL;2020-12-28;2021-01-03;Si;;;1649.8182;929.9750;655;28232.9054;11588;8297;3.8274;147;8;90;434;221;402;180;9109;6097;5068;0
CATALUNYA;GLOBAL;2020-12-27;2021-01-02;Si;;;1615.7428;880.2816;620;28254.2026;11427;8473;3.6898;138;9;96;402;218;386;176;8983;6248;5626;0
CATALUNYA;GLOBAL;2020-12-26;2021-01-01;Si;;;1540.4929;853.3053;601;27789.9250;11060;8513;3.6850;139;13;92;398;203;390;156;8564;6253;4295;0
CATALUNYA;GLOBAL;2020-12-25;2020-12-31;Si;;;1578.8278;806.4516;568;27745.9109;10804;8738;3.5605;141;14;95;385;183;379;145;8366;6351;4293;0
CATALUNYA;GLOBAL;2020-12-24;2020-12-30;Si;;;1554.6910;722.6828;509;35151.6356;10071;14687;2.5258;133;14;96;346;163;348;119;7865;10624;2573;0
CATALUNYA;GLOBAL;2020-12-23;2020-12-29;Si;;;1581.6674;732.6215;516;43081.2698;8896;21447;2.1368;145;13;101;352;164;364;121;7000;15697;897;0
CATALUNYA;GLOBAL;2020-12-22;2020-12-28;Si;;;1699.5115;783.7346;552;55071.5583;9532;29256;1.8220;143;12;111;379;173;397;136;7550;21704;559;0
CATALUNYA;GLOBAL;2020-12-21;2020-12-27;Si;;;1618.5824;719.8432;507;60499.4888;8839;33772;1.5851;147;11;115;330;177;355;155;7089;25085;559;0
CATALUNYA;GLOBAL;2020-12-20;2020-12-26;Si;;;1628.5211;735.4611;518;60226.8855;8892;33527;1.5851;146;10;107;330;188;354;153;7120;24866;0;0
CATALUNYA;GLOBAL;2020-12-19;2020-12-25;Si;;;1624.2616;687.1876;484;58998.7505;8427;33127;1.5027;139;5;104;308;176;331;142;6888;24589;0;0
CATALUNYA;GLOBAL;2020-12-18;2020-12-24;Si;;;1705.1908;772.3761;544;60915.4929;9842;33062;1.5935;131;4;102;367;177;379;141;8041;24591;0;0
CATALUNYA;GLOBAL;2020-12-17;2020-12-23;Si;;;1779.0208;832.0081;586;52701.8968;10857;26262;2.0374;135;4;100;402;184;428;155;8850;19765;0;0
CATALUNYA;GLOBAL;2020-12-16;2020-12-22;Si;;;1756.3039;849.0458;598;41236.9377;10776;18268;2.5332;131;3;93;442;156;444;130;8784;13875;0;0
CATALUNYA;GLOBAL;2020-12-15;2020-12-21;Si;;;1627.1013;915.7769;645;27244.7183;10246;8943;3.9661;126;4;87;495;150;492;116;8424;6906;0;0
CATALUNYA;GLOBAL;2020-12-14;2020-12-20;Si;;;1669.6955;898.7392;633;17547.4216;9958;2401;5.8308;117;4;83;515;118;512;80;8143;2010;0;0
CATALUNYA;GLOBAL;2020-12-13;2020-12-19;Si;;;1635.6201;893.0599;629;17175.4316;9857;2240;6.0831;116;4;85;516;113;521;85;8059;1903;0;0
CATALUNYA;GLOBAL;2020-12-12;2020-12-18;Si;;;1635.6201;937.0740;660;17399.7614;10088;2167;6.2138;123;4;85;534;126;539;94;8321;1866;0;0
CATALUNYA;GLOBAL;2020-12-11;2020-12-17;Si;;;1614.3230;932.8146;657;17073.2053;10105;1920;6.4490;130;4;89;523;134;542;102;8325;1661;0;0
CATALUNYA;GLOBAL;2020-12-10;2020-12-16;Si;;;1573.1485;947.0127;667;15568.2076;9384;1581;7.0824;126;3;96;545;122;556;88;7757;1336;0;0
CATALUNYA;GLOBAL;2020-12-09;2020-12-15;Si;;;1486.5402;907.2580;639;15076.9536;9117;1502;7.3074;120;3;106;491;148;524;120;7575;1238;0;0
CATALUNYA;GLOBAL;2020-12-08;2020-12-14;Si;;;1358.7573;711.3243;501;12579.5093;7500;1360;6.9534;119;1;106;364;137;397;109;6196;1081;0;0
CATALUNYA;GLOBAL;2020-12-07;2020-12-13;Si;;;1334.6206;770.9563;543;12793.9004;7751;1260;7.2159;113;0;105;405;138;423;113;6423;1005;0;0
CATALUNYA;GLOBAL;2020-12-06;2020-12-12;Si;;;1354.4979;742.5601;523;12900.3861;7763;1323;6.8052;110;0;114;397;126;404;107;6439;1070;0;0
CATALUNYA;GLOBAL;2020-12-05;2020-12-11;Si;;;1348.8187;698.5461;492;12626.3630;7613;1280;6.5870;108;0;113;379;113;387;98;6334;1029;0;0
CATALUNYA;GLOBAL;2020-12-04;2020-12-10;Si;;;1397.0922;681.5084;480;12789.6410;7680;1328;6.3027;102;1;114;371;109;380;98;6544;1040;0;0
CATALUNYA;GLOBAL;2020-12-03;2020-12-09;Si;;;1402.7714;626.1358;441;12748.4666;7730;1249;5.7855;104;1;116;331;110;337;102;6607;981;0;0
CATALUNYA;GLOBAL;2020-12-02;2020-12-08;Si;;;1357.3375;579.2821;408;13063.6642;7914;1287;5.1352;101;2;110;327;81;322;73;6707;985;0;0
CATALUNYA;GLOBAL;2020-12-01;2020-12-07;Si;;;1540.4929;647.4329;456;15319.7410;9437;1353;5.0900;103;2;114;361;95;371;90;7973;1084;0;0
CATALUNYA;GLOBAL;2020-11-30;2020-12-06;Si;;;1442.5261;563.6642;397;15231.7128;9422;1306;4.7149;99;3;123;310;87;339;86;7954;1060;0;0
CATALUNYA;GLOBAL;2020-11-29;2020-12-05;Si;;;1442.5261;611.9377;431;15106.7696;9394;1246;4.9456;102;3;118;327;104;342;99;7915;1002;0;0
CATALUNYA;GLOBAL;2020-11-28;2020-12-04;Si;;;1475.1817;650.2726;458;15223.1940;9404;1318;5.4009;110;3;131;351;107;375;106;7828;1078;0;0
CATALUNYA;GLOBAL;2020-11-27;2020-12-03;Si;;;1585.9268;715.5838;504;15237.3920;9559;1173;6.0118;112;3;128;395;109;424;106;7835;981;0;0
CATALUNYA;GLOBAL;2020-11-26;2020-12-02;Si;;;1675.3748;776.6356;547;14452.2376;9058;1121;6.4806;110;4;127;410;137;432;109;7432;916;0;0
CATALUNYA;GLOBAL;2020-11-25;2020-12-01;Si;;;1747.7850;778.0554;548;13618.8096;8595;997;7.9495;109;4;142;403;145;504;119;7001;836;0;0
CATALUNYA;GLOBAL;2020-11-24;2020-11-30;Si;;;1845.7519;893.0599;629;13826.1017;8699;1039;7.8804;106;5;131;490;139;508;114;7021;872;0;0
CATALUNYA;GLOBAL;2020-11-23;2020-11-29;Si;;;1879.8273;878.8618;619;13989.3798;8739;1114;7.4200;102;4;126;483;136;482;107;7009;929;0;0
CATALUNYA;GLOBAL;2020-11-22;2020-11-28;Si;;;1845.7519;830.5883;585;14039.0731;8727;1161;7.2263;99;4;123;462;123;477;98;7001;956;0;0
CATALUNYA;GLOBAL;2020-11-21;2020-11-27;Si;;;1874.1481;824.9091;581;13895.6724;8688;1099;6.9938;94;5;110;453;128;457;96;7020;887;0;0
CATALUNYA;GLOBAL;2020-11-20;2020-11-26;Si;;;1950.8178;870.3430;613;14004.9977;8767;1097;7.0751;95;4;108;486;127;476;91;7118;896;0;0
CATALUNYA;GLOBAL;2020-11-19;2020-11-25;Si;;;2011.8696;898.7392;633;15068.4348;9501;1112;7.2428;103;4;110;518;115;524;92;7594;911;0;0
CATALUNYA;GLOBAL;2020-11-18;2020-11-24;Si;;;2089.9591;969.7296;683;16032.4852;10172;1120;6.3513;99;4;106;558;125;477;99;8146;923;0;0
CATALUNYA;GLOBAL;2020-11-17;2020-11-23;Si;;;2195.0249;952.6919;671;15999.8296;10138;1131;7.1129;98;4;125;546;125;540;104;8133;921;0;0
CATALUNYA;GLOBAL;2020-11-16;2020-11-22;Si;;;2281.6333;1000.9654;705;16042.4238;10311;988;7.5380;127;6;130;571;134;575;109;8273;801;0;0
CATALUNYA;GLOBAL;2020-11-15;2020-11-21;Si;;;2305.7701;1015.1635;715;16011.1880;10358;919;7.6864;132;6;136;580;135;586;112;8329;752;0;0
CATALUNYA;GLOBAL;2020-11-14;2020-11-20;Si;;;2447.7510;1049.2389;739;16395.9563;10616;932;7.6766;133;6;144;610;129;611;105;8565;762;0;0
CATALUNYA;GLOBAL;2020-11-13;2020-11-19;Si;;;2449.1708;1080.4747;761;16695.5361;10747;1012;7.7223;142;7;155;599;162;602;130;8641;838;0;0
CATALUNYA;GLOBAL;2020-11-12;2020-11-18;Si;;;2521.5810;1113.1303;784;16542.1967;10577;1074;8.0396;148;8;157;625;159;626;138;8609;894;0;0
CATALUNYA;GLOBAL;2020-11-11;2020-11-17;Si;;;2575.5338;1120.2294;789;16743.8096;10685;1108;8.0756;161;7;159;646;143;656;122;8740;894;0;0
CATALUNYA;GLOBAL;2020-11-10;2020-11-16;Si;;;2706.1562;1242.3330;875;17685.1431;11368;1088;8.5363;166;7;157;713;162;736;133;9307;873;0;0
CATALUNYA;GLOBAL;2020-11-09;2020-11-15;Si;;;2846.7174;1280.6678;902;18417.7646;11769;1203;8.1809;149;6;162;722;180;715;148;9578;971;0;0
CATALUNYA;GLOBAL;2020-11-08;2020-11-14;Si;;;2917.7078;1290.6065;909;18558.3257;11852;1219;8.2049;150;6;171;724;185;724;149;9656;984;0;0
CATALUNYA;GLOBAL;2020-11-07;2020-11-13;Si;;;2974.5002;1398.5120;985;18622.2171;11877;1239;8.8706;159;7;166;799;186;798;150;9679;1008;0;0
CATALUNYA;GLOBAL;2020-11-06;2020-11-12;Si;;;3002.8964;1368.6960;964;18422.0240;11441;1534;8.8023;153;8;168;782;182;781;145;9259;1261;0;0
CATALUNYA;GLOBAL;2020-11-05;2020-11-11;Si;;;2956.0427;1408.4507;992;19361.9377;12029;1608;8.6137;145;7;171;784;208;795;160;9754;1333;0;0
CATALUNYA;GLOBAL;2020-11-04;2020-11-10;Si;;;2987.2785;1455.3044;1025;19780.7814;12152;1780;8.7958;164;8;161;799;226;819;178;9850;1485;0;0
CATALUNYA;GLOBAL;2020-11-03;2020-11-09;Si;;;2963.1417;1463.8232;1031;19307.9850;11500;2099;8.5579;179;8;165;780;251;756;187;9264;1755;0;0
CATALUNYA;GLOBAL;2020-11-02;2020-11-08;Si;;;3042.6510;1566.0495;1103;18687.5283;10809;2353;9.7825;194;7;161;823;280;833;215;8792;1921;0;0
CATALUNYA;GLOBAL;2020-11-01;2020-11-07;Si;;;3093.7641;1627.1013;1146;18860.7451;10920;2364;9.9473;196;7;152;864;282;854;221;8878;1929;0;0
CATALUNYA;GLOBAL;2020-10-31;2020-11-06;Si;;;3038.3916;1575.9881;1110;19449.9659;11273;2426;9.3700;197;7;163;816;294;818;229;9181;1993;0;0
CATALUNYA;GLOBAL;2020-10-30;2020-11-05;Si;;;3147.7169;1634.2003;1151;20120.1158;11699;2472;9.2597;208;6;167;857;294;850;232;9669;2016;0;0
CATALUNYA;GLOBAL;2020-10-29;2020-11-04;Si;;;3316.6742;1547.5920;1090;19330.7019;11211;2404;8.9158;208;9;149;803;287;777;218;9208;1952;0;0
CATALUNYA;GLOBAL;2020-10-28;2020-11-03;Si;;;3505.5088;1531.9741;1079;18582.4625;10770;2318;9.0373;181;10;145;795;284;774;207;8948;1907;0;0
CATALUNYA;GLOBAL;2020-10-27;2020-11-02;Si;;;3535.3248;1499.3184;1056;19207.1785;11659;1869;8.7236;169;14;129;820;236;810;179;9798;1539;0;0
CATALUNYA;GLOBAL;2020-10-26;2020-11-01;Si;;;3494.1503;1476.6015;1040;18938.8346;11916;1423;8.9580;168;15;123;856;184;874;137;10085;1201;0;0
CATALUNYA;GLOBAL;2020-10-25;2020-10-31;Si;;;3430.2589;1466.6628;1033;19160.3248;12096;1399;8.8580;180;15;113;845;188;874;139;10253;1183;0;0
CATALUNYA;GLOBAL;2020-10-24;2020-10-30;Si;;;3336.5515;1462.4034;1030;19316.5038;12318;1287;8.8966;173;13;95;852;178;886;138;10442;1068;0;0
CATALUNYA;GLOBAL;2020-10-23;2020-10-29;Si;;;3200.2498;1513.5165;1066;18471.7174;12197;813;10.1419;166;13;79;913;153;974;127;10184;672;0;0
CATALUNYA;GLOBAL;2020-10-22;2020-10-28;Si;;;3174.6933;1769.0822;1246;18311.2789;12176;721;12.1792;169;10;81;1097;149;1195;129;10271;600;0;0
CATALUNYA;GLOBAL;2020-10-21;2020-10-27;Si;;;3099.4434;1973.5347;1390;18579.6228;12599;487;12.9250;169;11;71;1233;157;1280;138;10564;407;0;0
CATALUNYA;GLOBAL;2020-10-20;2020-10-26;Si;;;2852.3966;2036.0063;1434;17646.8082;12020;409;13.5335;163;7;63;1279;155;1285;126;10083;343;0;0
CATALUNYA;GLOBAL;2020-10-19;2020-10-25;Si;;;2619.5479;2017.5488;1421;17568.7187;12038;336;13.0021;144;8;64;1283;138;1230;110;10021;285;0;0
CATALUNYA;GLOBAL;2020-10-18;2020-10-24;Si;;;2599.6706;1963.5960;1383;17047.6487;11712;295;13.0578;129;8;61;1263;120;1213;92;9744;250;0;0
CATALUNYA;GLOBAL;2020-10-17;2020-10-23;Si;;;2488.9254;1874.1481;1320;15616.4811;10747;252;13.4098;121;8;59;1209;111;1145;82;8932;218;0;0
CATALUNYA;GLOBAL;2020-10-16;2020-10-22;Si;;;2256.0767;1686.7333;1188;14509.0299;10052;167;12.5246;116;7;61;1096;92;1025;59;8505;150;0;0
CATALUNYA;GLOBAL;2020-10-15;2020-10-21;Si;;;1966.4357;1405.6110;990;13867.2762;9696;71;9.8851;111;7;57;935;55;785;32;8199;66;0;0
CATALUNYA;GLOBAL;2020-10-14;2020-10-20;Si;;;1620.0022;1125.9086;793;12332.4625;8665;21;8.9048;111;5;58;771;22;656;5;7406;17;0;0
CATALUNYA;GLOBAL;2020-10-13;2020-10-19;Si;;;1313.3234;816.3902;575;10756.4743;7567;9;7.6947;104;4;61;567;8;502;3;6557;6;0;0
CATALUNYA;GLOBAL;2020-10-12;2020-10-18;Si;;;1140.1067;601.9990;424;8744.6047;6157;2;7.0208;105;4;52;418;6;377;1;5382;2;0;0
CATALUNYA;GLOBAL;2020-10-11;2020-10-17;Si;;;1113.1303;636.0745;448;8940.5383;6296;1;7.2493;103;5;52;443;5;398;1;5503;1;0;0
CATALUNYA;GLOBAL;2020-10-10;2020-10-16;Si;;;1071.9559;614.7773;433;9244.3775;6511;0;6.9266;98;5;56;430;3;389;0;5616;0;0;0
CATALUNYA;GLOBAL;2020-10-09;2020-10-15;Si;;;1125.9086;569.3434;401;8510.3362;5994;0;6.7856;99;5;52;397;4;346;0;5099;0;0;0
CATALUNYA;GLOBAL;2020-10-08;2020-10-14;Si;;;992.4466;560.8246;395;7485.2339;5272;0;8.3764;95;5;51;392;3;373;0;4453;0;0;0
CATALUNYA;GLOBAL;2020-10-07;2020-10-13;Si;;;922.8759;494.0935;348;7155.8382;5040;0;7.8343;93;4;55;346;2;331;0;4225;0;0;0
CATALUNYA;GLOBAL;2020-10-06;2020-10-12;Si;;;985.3475;496.9332;350;6870.4566;4839;0;8.4187;95;4;56;348;2;337;0;4003;0;0;0
CATALUNYA;GLOBAL;2020-10-05;2020-10-11;Si;;;1029.3616;538.1076;379;7594.5592;5349;0;8.2403;93;3;55;377;2;369;0;4478;0;0;0
CATALUNYA;GLOBAL;2020-10-04;2020-10-10;Si;;;964.0504;477.0558;336;7333.3144;5165;0;7.5944;90;2;57;334;2;328;0;4319;0;0;0
CATALUNYA;GLOBAL;2020-10-03;2020-10-09;Si;;;939.9136;457.1785;322;6884.6547;4849;0;7.6495;88;2;50;320;2;316;0;4131;0;0;0
CATALUNYA;GLOBAL;2020-10-02;2020-10-08;Si;;;900.1590;556.5651;392;8112.7896;5714;0;7.9829;81;2;45;392;0;391;0;4898;0;0;0
CATALUNYA;GLOBAL;2020-10-01;2020-10-07;Si;;;795.0931;431.6219;304;7746.4788;5456;0;6.6068;80;2;44;304;0;309;0;4677;0;0;0
CATALUNYA;GLOBAL;2020-09-30;2020-10-06;Si;;;735.4611;428.7823;302;7533.5074;5306;0;6.8042;73;2;41;302;0;310;0;4556;0;0;0
CATALUNYA;GLOBAL;2020-09-29;2020-10-05;Si;;;698.5461;488.4143;344;7524.9886;5299;1;7.8890;69;3;40;344;0;361;0;4575;1;0;0
CATALUNYA;GLOBAL;2020-09-28;2020-10-04;Si;;;687.1876;491.2539;346;7987.8464;5625;1;7.2328;59;2;37;346;0;356;0;4921;1;0;0
CATALUNYA;GLOBAL;2020-09-27;2020-10-03;Si;;;697.1263;486.9945;343;7857.2239;5533;1;7.2614;58;2;35;343;0;350;0;4819;1;0;0
CATALUNYA;GLOBAL;2020-09-26;2020-10-02;Si;;;712.7442;482.7351;340;7935.3134;5588;1;7.1018;60;2;34;340;0;346;0;4871;1;0;0
CATALUNYA;GLOBAL;2020-09-25;2020-10-01;Si;;;593.4802;343.5938;242;6802.3057;4788;3;5.8532;59;2;34;242;0;248;0;4234;3;0;0
CATALUNYA;GLOBAL;2020-09-24;2020-09-30;Si;;;610.5179;363.4711;256;7094.7864;4994;3;5.6025;56;1;37;256;0;252;0;4495;3;0;0
CATALUNYA;GLOBAL;2020-09-23;2020-09-29;Si;;;609.0981;306.6787;216;7114.6637;5007;4;4.6920;58;1;37;216;0;211;0;4494;3;0;0
CATALUNYA;GLOBAL;2020-09-22;2020-09-28;Si;;;505.4520;210.1317;148;6992.5601;4922;3;2.9021;61;1;33;148;0;129;0;4443;2;0;0
CATALUNYA;GLOBAL;2020-09-21;2020-09-27;Si;;;512.5511;195.9336;138;6541.0608;4604;3;3.0706;63;2;33;138;0;127;0;4134;2;0;0
CATALUNYA;GLOBAL;2020-09-20;2020-09-26;Si;;;582.1217;210.1317;148;6535.3816;4600;3;3.4009;67;2;28;148;0;141;0;4144;2;0;0
CATALUNYA;GLOBAL;2020-09-19;2020-09-25;Si;;;653.1122;230.0090;162;6585.0749;4635;3;3.4697;61;2;33;162;0;145;0;4177;2;0;0
CATALUNYA;GLOBAL;2020-09-18;2020-09-24;Si;;;630.3952;249.8864;176;6684.4616;4707;1;3.9439;56;3;30;176;0;166;0;4209;0;0;0
CATALUNYA;GLOBAL;2020-09-17;2020-09-23;Si;;;616.1971;247.0467;174;6624.8296;4665;1;4.2799;49;3;22;174;0;178;0;4159;0;0;0
CATALUNYA;GLOBAL;2020-09-16;2020-09-22;Si;;;616.1971;302.4193;213;6587.9145;4640;0;5.2695;47;4;18;213;0;218;0;4137;0;0;0
CATALUNYA;GLOBAL;2020-09-15;2020-09-21;Si;;;611.9377;295.3203;208;6299.6933;4437;0;5.8169;42;3;17;208;0;230;0;3954;0;0;0
CATALUNYA;GLOBAL;2020-09-14;2020-09-20;Si;;;592.0604;316.6174;223;6799.4661;4789;0;5.4374;41;2;21;223;0;230;0;4230;0;0;0
CATALUNYA;GLOBAL;2020-09-13;2020-09-19;Si;;;583.5415;371.9900;262;6843.4802;4820;0;6.2471;31;2;21;262;0;266;0;4258;0;0;0
CATALUNYA;GLOBAL;2020-09-12;2020-09-18;Si;;;569.3434;423.1031;298;6793.7869;4785;0;7.0213;34;2;15;298;0;297;0;4230;0;0;0
CATALUNYA;GLOBAL;2020-09-11;2020-09-17;Si;;;545.2067;380.5088;268;5885.1090;4145;0;7.1078;31;1;16;268;0;261;0;3672;0;0;0
CATALUNYA;GLOBAL;2020-09-10;2020-09-16;Si;;;552.3057;369.1503;260;6183.2689;4355;0;6.4774;36;1;18;260;0;251;0;3875;0;0;0
CATALUNYA;GLOBAL;2020-09-09;2020-09-15;Si;;;557.9850;313.7778;221;6396.2403;4505;0;5.2618;31;0;18;221;0;211;0;4010;0;0;0
CATALUNYA;GLOBAL;2020-09-08;2020-09-14;Si;;;570.7632;316.6174;223;6854.8387;4828;0;4.7619;31;0;19;223;0;203;0;4263;0;0;0
CATALUNYA;GLOBAL;2020-09-07;2020-09-13;Si;;;531.0086;275.4429;194;6353.6460;4475;0;4.7668;34;0;12;194;0;186;0;3902;0;0;0
CATALUNYA;GLOBAL;2020-09-06;2020-09-12;Si;;;465.6974;211.5515;149;6305.3725;4441;0;3.6626;42;0;18;149;0;142;0;3877;0;0;0
CATALUNYA;GLOBAL;2020-09-05;2020-09-11;Si;;;390.4475;146.2403;103;6230.1226;4388;0;2.9843;43;1;18;103;0;114;0;3820;0;0;0
CATALUNYA;GLOBAL;2020-09-04;2020-09-10;Si;;;421.6833;164.6978;116;7850.1249;5529;0;2.6664;45;1;18;116;0;129;0;4838;0;0;0
CATALUNYA;GLOBAL;2020-09-03;2020-09-09;Si;;;437.3012;183.1553;129;8216.4357;5787;0;2.9963;47;1;24;129;0;152;0;5073;0;0;0
CATALUNYA;GLOBAL;2020-09-02;2020-09-08;Si;;;494.0935;244.2071;172;8057.4170;5675;0;3.4490;49;1;25;172;0;172;0;4987;0;0;0
CATALUNYA;GLOBAL;2020-09-01;2020-09-07;Si;;;529.5888;254.1458;179;8064.5161;5680;0;3.5381;49;1;28;179;0;178;0;5031;0;0;0
CATALUNYA;GLOBAL;2020-08-31;2020-09-06;Si;;;516.8105;255.5656;180;8166.7423;5751;1;3.4248;49;1;27;180;0;176;0;5138;1;0;0
CATALUNYA;GLOBAL;2020-08-30;2020-09-05;Si;;;519.6501;254.1458;179;8156.8037;5744;1;3.3945;46;1;26;179;0;174;0;5125;1;0;0
CATALUNYA;GLOBAL;2020-08-29;2020-09-04;Si;;;526.7492;244.2071;172;8148.2848;5738;1;3.1678;41;0;28;172;0;162;0;5113;1;0;0
CATALUNYA;GLOBAL;2020-08-28;2020-09-03;Si;;;543.7869;256.9854;181;7739.3798;5450;1;3.5231;41;0;29;181;0;172;0;4881;1;0;0
CATALUNYA;GLOBAL;2020-08-27;2020-09-02;Si;;;545.2067;254.1458;179;7402.8850;5213;1;3.4686;36;0;24;179;0;159;0;4583;1;0;0
CATALUNYA;GLOBAL;2020-08-26;2020-09-01;Si;;;467.1172;249.8864;176;7777.7146;5477;1;3.6853;38;0;26;176;0;178;0;4829;1;0;0
CATALUNYA;GLOBAL;2020-08-25;2020-08-31;Si;;;464.2776;275.4429;194;7865.7428;5539;1;3.9730;40;0;24;194;0;194;0;4882;1;0;0
CATALUNYA;GLOBAL;2020-08-24;2020-08-30;Si;;;438.7210;261.2448;184;7996.3652;5632;0;3.7022;39;0;32;184;0;185;0;4997;0;0;0
CATALUNYA;GLOBAL;2020-08-23;2020-08-29;Si;;;441.5606;265.5043;187;8016.2426;5646;0;4.0678;38;1;31;187;0;204;0;5015;0;0;0
CATALUNYA;GLOBAL;2020-08-22;2020-08-28;Si;;;445.8200;282.5420;199;8224.9545;5793;0;3.9953;42;1;32;199;0;205;0;5131;0;0;0
CATALUNYA;GLOBAL;2020-08-21;2020-08-27;Si;;;421.6833;286.8014;202;8212.1762;5784;0;3.8108;46;1;32;202;0;195;0;5117;0;0;0
CATALUNYA;GLOBAL;2020-08-20;2020-08-26;Si;;;416.0040;291.0608;205;7764.9363;5469;0;3.9942;44;1;35;205;0;193;0;4832;0;0;0
CATALUNYA;GLOBAL;2020-08-19;2020-08-25;Si;;;379.0890;217.2308;153;7239.6069;5099;0;3.2952;41;2;33;153;0;147;0;4461;0;0;0
CATALUNYA;GLOBAL;2020-08-18;2020-08-24;Si;;;394.7069;188.8346;133;7086.2676;4991;0;2.9087;41;3;33;133;0;124;0;4263;0;0;0
CATALUNYA;GLOBAL;2020-08-17;2020-08-23;Si;;;416.0040;177.4761;125;6677.3625;4703;0;2.9720;45;3;28;125;0;119;0;4004;0;0;0
CATALUNYA;GLOBAL;2020-08-16;2020-08-22;Si;;;411.7446;176.0563;124;6724.2162;4736;0;2.5310;45;3;25;124;0;102;0;4030;0;0;0
CATALUNYA;GLOBAL;2020-08-15;2020-08-21;Si;;;400.3861;163.2780;115;6504.1458;4581;0;2.6626;45;3;24;115;0;104;0;3906;0;0;0
CATALUNYA;GLOBAL;2020-08-14;2020-08-20;Si;;;451.4993;134.8818;95;6019.9909;4240;0;2.8412;41;3;27;95;0;102;0;3590;0;0;0
CATALUNYA;GLOBAL;2020-08-13;2020-08-19;Si;;;472.7964;124.9432;88;6346.5470;4469;1;2.4558;47;4;24;88;0;93;0;3786;1;0;0
CATALUNYA;GLOBAL;2020-08-12;2020-08-18;Si;;;492.6737;161.8582;114;6653.2258;4685;1;3.0364;54;3;25;114;0;121;0;3984;1;0;0
CATALUNYA;GLOBAL;2020-08-11;2020-08-17;Si;;;512.5511;205.8723;145;6539.6410;4605;1;3.8635;57;2;27;145;0;154;0;3985;1;0;0
CATALUNYA;GLOBAL;2020-08-10;2020-08-16;Si;;;528.1690;238.5279;168;6572.2966;4628;1;4.1937;55;3;26;168;0;168;0;4005;1;0;0
CATALUNYA;GLOBAL;2020-08-09;2020-08-15;Si;;;525.3293;235.6883;166;6441.6742;4536;1;4.2569;55;3;30;166;0;167;0;3922;1;0;0
CATALUNYA;GLOBAL;2020-08-08;2020-08-14;Si;;;528.1690;237.1081;167;6643.2871;4678;1;4.2910;53;4;30;167;0;174;0;4054;1;0;0
CATALUNYA;GLOBAL;2020-08-07;2020-08-13;Si;;;548.0463;316.6174;223;6742.6737;4748;1;5.2477;56;4;27;223;0;215;0;4096;1;0;0
CATALUNYA;GLOBAL;2020-08-06;2020-08-12;Si;;;569.3434;347.8532;245;6671.6833;4699;0;5.8577;51;3;28;245;0;238;0;4063;0;0;0
CATALUNYA;GLOBAL;2020-08-05;2020-08-11;Si;;;601.9990;330.8155;233;6616.3107;4660;0;5.4586;48;4;28;233;0;219;0;4012;0;0;0
CATALUNYA;GLOBAL;2020-08-04;2020-08-10;Si;;;609.0981;306.6787;216;6616.3107;4660;0;5.1508;44;4;28;216;0;205;0;3980;0;0;0
CATALUNYA;GLOBAL;2020-08-03;2020-08-09;Si;;;594.9000;289.6410;204;6603.5324;4651;0;5.0617;49;3;30;204;0;201;0;3971;0;0;0
CATALUNYA;GLOBAL;2020-08-02;2020-08-08;Si;;;594.9000;289.6410;204;6786.6878;4780;0;4.9546;51;2;29;204;0;202;0;4077;0;0;0
CATALUNYA;GLOBAL;2020-08-01;2020-08-07;Si;;;601.9990;291.0608;205;6972.6828;4911;0;4.8488;55;1;30;205;0;202;0;4166;0;0;0
CATALUNYA;GLOBAL;2020-07-31;2020-08-06;Si;;;549.4661;231.4288;163;7130.2816;5022;0;3.7696;55;1;30;163;0;161;0;4271;0;0;0
CATALUNYA;GLOBAL;2020-07-30;2020-08-05;Si;;;515.3907;221.4902;156;7025.2158;4947;1;3.9424;60;1;29;156;0;167;0;4235;1;0;0
CATALUNYA;GLOBAL;2020-07-29;2020-08-04;Si;;;516.8105;271.1835;191;7089.1072;4992;1;4.8605;67;0;28;191;0;209;0;4299;1;0;0
CATALUNYA;GLOBAL;2020-07-28;2020-08-03;Si;;;492.6737;302.4193;213;7023.7960;4946;1;5.1700;68;0;27;213;0;222;0;4293;1;0;0
CATALUNYA;GLOBAL;2020-07-27;2020-08-02;Si;;;512.5511;305.2589;215;6833.5415;4811;2;5.1583;66;0;27;215;0;215;0;4166;2;0;0
CATALUNYA;GLOBAL;2020-07-26;2020-08-01;Si;;;529.5888;305.2589;215;6854.8387;4825;3;5.1836;62;0;28;215;0;216;0;4164;3;0;0
CATALUNYA;GLOBAL;2020-07-25;2020-07-31;Si;;;570.7632;310.9382;219;6728.4756;4736;3;5.1829;63;1;28;219;0;214;0;4126;3;0;0
CATALUNYA;GLOBAL;2020-07-24;2020-07-30;Si;;;567.9236;318.0372;224;6640.4475;4674;3;5.5001;65;1;27;224;0;226;0;4106;3;0;0
CATALUNYA;GLOBAL;2020-07-23;2020-07-29;Si;;;549.4661;293.9004;207;6639.0277;4674;2;4.8161;66;1;25;207;0;199;0;4130;2;0;0
CATALUNYA;GLOBAL;2020-07-22;2020-07-28;Si;;;550.8859;245.6269;173;6627.6692;4666;2;3.7909;54;1;24;173;0;153;0;4034;2;0;0
CATALUNYA;GLOBAL;2020-07-21;2020-07-27;Si;;;488.4143;190.2544;134;6508.4052;4582;2;3.0418;54;1;21;134;0;120;0;3943;2;0;0
CATALUNYA;GLOBAL;2020-07-20;2020-07-26;Si;;;484.1549;207.2921;146;6680.2021;4704;1;3.4559;48;2;19;146;0;140;0;4050;1;0;0
CATALUNYA;GLOBAL;2020-07-19;2020-07-25;Si;;;485.5747;224.3298;158;6793.7869;4785;0;3.6127;57;2;13;158;0;150;0;4152;0;0;0
CATALUNYA;GLOBAL;2020-07-18;2020-07-24;Si;;;478.4756;259.8250;183;6790.9472;4783;0;4.6472;53;1;11;183;0;193;0;4153;0;0;0
CATALUNYA;GLOBAL;2020-07-17;2020-07-23;Si;;;454.3389;249.8864;176;6604.9522;4652;0;4.7111;49;1;9;176;0;190;0;4033;0;0;0
CATALUNYA;GLOBAL;2020-07-16;2020-07-22;Si;;;452.9191;255.5656;180;6353.6460;4474;1;4.7422;47;1;8;180;0;183;0;3858;1;0;0
CATALUNYA;GLOBAL;2020-07-15;2020-07-21;Si;;;451.4993;305.2589;215;6132.1558;4318;1;5.9901;50;1;9;215;0;229;0;3822;1;0;0
CATALUNYA;GLOBAL;2020-07-14;2020-07-20;Si;;;468.5370;298.1599;210;6100.9200;4296;1;5.9300;48;1;9;210;0;227;0;3827;1;0;0
CATALUNYA;GLOBAL;2020-07-13;2020-07-19;Si;;;428.7823;276.8627;195;6010.0522;4232;1;5.5249;49;0;7;195;0;210;0;3800;1;0;0
CATALUNYA;GLOBAL;2020-07-12;2020-07-18;Si;;;404.6456;261.2448;184;5920.6042;4169;1;5.4963;41;0;9;184;0;206;0;3747;1;0;0
CATALUNYA;GLOBAL;2020-07-11;2020-07-17;Si;;;367.7305;218.6506;154;5581.2698;3930;1;4.4122;40;0;9;154;0;155;0;3512;1;0;0
CATALUNYA;GLOBAL;2020-07-10;2020-07-16;Si;;;336.4947;204.4525;144;5501.7605;3873;2;4.0929;38;0;9;144;0;141;0;3443;2;0;0
CATALUNYA;GLOBAL;2020-07-09;2020-07-15;Si;;;315.1976;197.3534;139;5707.6328;4018;2;4.1031;29;0;10;139;0;148;0;3605;2;0;0
CATALUNYA;GLOBAL;2020-07-08;2020-07-14;Si;;;235.6883;146.2403;103;5494.6615;3868;2;2.9777;26;0;9;103;0;103;0;3457;2;0;0
CATALUNYA;GLOBAL;2020-07-07;2020-07-13;Si;;;220.0704;170.3771;120;5396.6946;3799;2;2.8198;27;2;10;120;0;95;0;3367;2;0;0
CATALUNYA;GLOBAL;2020-07-06;2020-07-12;Si;;;195.9336;151.9195;107;5119.8318;3603;3;2.5917;32;2;12;107;0;82;0;3161;3;0;0
CATALUNYA;GLOBAL;2020-07-05;2020-07-11;Si;;;188.8346;143.4007;101;4864.2662;3423;3;2.3031;32;2;10;101;0;69;0;2993;3;0;0
CATALUNYA;GLOBAL;2020-07-04;2020-07-10;Si;;;181.7355;149.0799;105;4757.7805;3348;3;2.6694;31;2;9;105;0;78;0;2919;3;0;0
CATALUNYA;GLOBAL;2020-07-03;2020-07-09;Si;;;178.8959;132.0422;93;4438.3234;3124;2;2.4618;31;2;11;93;0;66;0;2679;2;0;0
CATALUNYA;GLOBAL;2020-07-02;2020-07-08;Si;;;156.1790;117.8441;83;4069.1731;2864;2;2.2756;36;2;11;83;0;54;0;2371;2;0;0
CATALUNYA;GLOBAL;2020-07-01;2020-07-07;Si;;;126.3630;89.4479;63;3873.2394;2726;2;1.6533;38;2;10;63;0;37;0;2236;2;0;0
CATALUNYA;GLOBAL;2020-06-30;2020-07-06;Si;;;95.1272;49.6933;35;3721.3198;2618;3;1.5101;36;0;10;35;0;32;0;2117;2;0;0
CATALUNYA;GLOBAL;2020-06-29;2020-07-05;Si;;;89.4479;44.0140;31;3553.7823;2501;2;1.5045;35;0;10;31;0;30;0;1993;1;0;0
CATALUNYA;GLOBAL;2020-06-28;2020-07-04;Si;;;89.4479;45.4338;32;3599.2162;2533;2;1.5392;34;0;12;32;0;31;0;2013;1;0;0
CATALUNYA;GLOBAL;2020-06-27;2020-07-03;Si;;;76.6696;32.6556;23;3648.9095;2568;2;1.0848;35;0;12;23;0;22;0;2027;1;0;0
CATALUNYA;GLOBAL;2020-06-26;2020-07-02;Si;;;78.0895;46.8537;33;3832.0649;2697;2;1.4520;36;0;12;33;0;31;0;2134;1;0;0
CATALUNYA;GLOBAL;2020-06-25;2020-07-01;Si;;;80.9291;38.3348;27;3624.7728;2552;1;1.2942;34;0;12;27;0;26;0;2009;0;0;0
CATALUNYA;GLOBAL;2020-06-24;2020-06-30;Si;;;92.2875;36.9150;26;3247.1035;2286;1;1.4541;33;0;13;26;0;26;0;1788;0;0;0
CATALUNYA;GLOBAL;2020-06-23;2020-06-29;Si;;;99.3866;45.4338;32;3240.0045;2282;0;1.8561;34;0;12;32;0;32;0;1724;0;0;0
CATALUNYA;GLOBAL;2020-06-22;2020-06-28;Si;;;103.6460;45.4338;32;3298.2167;2323;0;1.8583;30;0;12;32;0;32;0;1722;0;0;0
CATALUNYA;GLOBAL;2020-06-21;2020-06-27;Si;;;112.1649;44.0140;31;3247.1035;2287;0;1.8289;29;0;11;31;0;31;0;1695;0;0;0
CATALUNYA;GLOBAL;2020-06-20;2020-06-26;Si;;;112.1649;44.0140;31;3241.4243;2283;0;1.8246;33;0;14;31;0;31;0;1699;0;0;0
CATALUNYA;GLOBAL;2020-06-19;2020-06-25;Si;;;120.6837;31.2358;22;3151.9763;2220;0;1.3076;35;0;13;22;0;21;0;1606;0;0;0
CATALUNYA;GLOBAL;2020-06-18;2020-06-24;Si;;;119.2639;42.5942;30;3424.5797;2412;0;1.8529;34;0;12;30;0;32;0;1727;0;0;0
CATALUNYA;GLOBAL;2020-06-17;2020-06-23;Si;;;136.3016;55.3725;39;4033.6778;2841;0;1.9928;33;0;12;39;0;39;0;1957;0;0;0
CATALUNYA;GLOBAL;2020-06-16;2020-06-22;Si;;;136.3016;53.9527;38;4201.2153;2958;1;1.9608;36;1;13;38;0;39;0;1988;1;0;0
CATALUNYA;GLOBAL;2020-06-15;2020-06-21;Si;;;168.9572;58.2121;41;4266.5265;3004;1;2.0488;35;2;17;41;0;42;0;2049;1;0;0
CATALUNYA;GLOBAL;2020-06-14;2020-06-20;Si;;;188.8346;68.1508;48;4323.3189;3044;1;2.3958;37;2;20;48;0;50;0;2086;1;0;0
CATALUNYA;GLOBAL;2020-06-13;2020-06-19;Si;;;195.9336;68.1508;48;4350.2953;3063;1;2.3958;33;2;20;48;0;50;0;2086;1;0;0
CATALUNYA;GLOBAL;2020-06-12;2020-06-18;Si;;;215.8109;89.4479;63;4865.6860;3426;1;2.9716;30;2;20;63;0;66;0;2220;1;0;0
CATALUNYA;GLOBAL;2020-06-11;2020-06-17;Si;;;238.5279;76.6696;54;4949.4547;3485;1;2.4568;31;3;24;54;0;54;0;2197;1;0;0
CATALUNYA;GLOBAL;2020-06-10;2020-06-16;Si;;;234.2685;80.9291;57;5125.5111;3609;1;2.5766;37;4;25;57;0;58;0;2250;1;0;0
CATALUNYA;GLOBAL;2020-06-09;2020-06-15;Si;;;244.2071;82.3489;58;5477.6238;3857;1;2.8025;36;3;22;58;0;66;0;2354;1;0;0
CATALUNYA;GLOBAL;2020-06-08;2020-06-14;Si;;;248.4666;110.7451;78;5767.2648;4061;1;3.0832;39;2;20;78;0;76;0;2464;1;0;0
CATALUNYA;GLOBAL;2020-06-07;2020-06-13;Si;;;242.7873;120.6837;85;5876.5901;4138;1;3.2622;38;2;19;85;0;81;0;2482;1;0;0
CATALUNYA;GLOBAL;2020-06-06;2020-06-12;Si;;;268.3439;127.7828;90;6085.3021;4285;1;3.4212;38;2;21;90;0;87;0;2542;1;0;0
CATALUNYA;GLOBAL;2020-06-05;2020-06-11;Si;;;295.3203;126.3630;89;6383.4620;4495;1;3.2282;44;2;24;89;0;88;0;2725;1;0;0
CATALUNYA;GLOBAL;2020-06-04;2020-06-10;Si;;;332.2353;161.8582;114;6871.8764;4839;1;3.2861;44;1;25;114;0;95;0;2890;1;0;0
CATALUNYA;GLOBAL;2020-06-03;2020-06-09;Si;;;332.2353;153.3393;108;6897.4329;4857;1;3.2325;40;0;36;108;0;93;0;2876;1;0;0
CATALUNYA;GLOBAL;2020-06-02;2020-06-08;Si;;;359.2117;161.8582;114;6617.7305;4661;0;3.1328;41;0;43;114;0;88;0;2809;0;0;0
CATALUNYA;GLOBAL;2020-06-01;2020-06-07;Si;;;396.1267;137.7214;97;6325.2498;4451;4;2.9173;38;0;45;97;0;79;0;2705;3;0;0
CATALUNYA;GLOBAL;2020-05-31;2020-06-06;Si;;;408.9050;122.1035;86;6654.6456;4683;4;2.3810;40;1;54;86;0;69;0;2895;3;0;0
CATALUNYA;GLOBAL;2020-05-30;2020-06-05;Si;;;434.4616;140.5611;99;7297.8191;5135;5;2.4635;41;1;56;99;0;81;0;3285;3;0;0
CATALUNYA;GLOBAL;2020-05-29;2020-06-04;Si;;;501.1926;168.9572;119;7532.0876;5300;5;2.9472;38;1;61;119;0;101;0;3424;3;0;0
CATALUNYA;GLOBAL;2020-05-28;2020-06-03;Si;;;521.0699;170.3771;120;8159.6433;5742;5;3.1901;47;2;61;120;0;118;0;3696;3;0;0
CATALUNYA;GLOBAL;2020-05-27;2020-06-02;Si;;;617.6169;178.8959;126;8359.8364;5882;6;3.1882;44;2;55;126;0;123;0;3854;4;0;0
CATALUNYA;GLOBAL;2020-05-26;2020-06-01;Si;;;650.2726;197.3534;139;9339.5047;6568;10;3.2388;43;3;55;139;0;137;0;4222;8;0;0
CATALUNYA;GLOBAL;2020-05-25;2020-05-31;Si;;;670.1499;258.4052;182;10411.4606;7326;7;3.5571;45;4;60;181;1;169;0;4745;6;0;0
CATALUNYA;GLOBAL;2020-05-24;2020-05-30;Si;;;680.0885;286.8014;202;10835.9836;7625;7;3.8352;53;3;58;201;1;189;0;4922;6;0;0
CATALUNYA;GLOBAL;2020-05-23;2020-05-29;Si;;;685.7678;293.9004;207;11533.1099;8116;7;3.6254;57;3;65;206;1;192;0;5289;7;0;0
CATALUNYA;GLOBAL;2020-05-22;2020-05-28;Si;;;697.1263;332.2353;234;12518.4575;8810;7;3.7638;62;3;66;233;1;211;0;5599;7;0;0
CATALUNYA;GLOBAL;2020-05-21;2020-05-27;Si;;;749.6592;350.6928;247;13503.8050;9503;8;3.7531;63;2;70;246;1;228;0;6067;8;0;0
CATALUNYA;GLOBAL;2020-05-20;2020-05-26;Si;;;820.6497;438.7210;309;14835.5860;10440;9;4.2763;66;2;77;308;1;286;0;6680;8;0;0
CATALUNYA;GLOBAL;2020-05-19;2020-05-25;Si;;;863.2439;452.9191;319;15392.1512;10835;6;4.1140;75;2;80;317;2;296;0;7190;5;0;0
CATALUNYA;GLOBAL;2020-05-18;2020-05-24;Si;;;834.8477;411.7446;290;15849.3298;11156;7;3.7507;77;2;70;289;1;278;0;7406;6;0;0
CATALUNYA;GLOBAL;2020-05-17;2020-05-23;Si;;;837.6874;393.2871;277;15967.1740;11234;12;3.4976;73;2;70;276;1;264;0;7537;11;0;0
CATALUNYA;GLOBAL;2020-05-16;2020-05-22;Si;;;891.6401;391.8673;276;15538.3916;10931;13;3.6260;70;2;67;275;1;266;0;7324;12;0;0
CATALUNYA;GLOBAL;2020-05-15;2020-05-21;Si;;;881.7014;364.8909;257;14635.3930;10293;15;3.5588;74;2;77;256;1;252;0;7067;14;0;0
CATALUNYA;GLOBAL;2020-05-14;2020-05-20;Si;;;904.4184;398.9663;281;13847.3989;9739;14;3.8238;80;2;82;280;1;263;0;6865;13;0;0
CATALUNYA;GLOBAL;2020-05-13;2020-05-19;Si;;;912.9373;381.9286;269;13797.7055;9703;15;3.5291;82;2;84;266;3;237;1;6730;14;0;0
CATALUNYA;GLOBAL;2020-05-12;2020-05-18;Si;;;971.1494;410.3248;289;13566.2766;9537;18;3.7287;79;1;91;286;3;241;2;6503;14;0;0
CATALUNYA;GLOBAL;2020-05-11;2020-05-17;Si;;;1047.8191;423.1031;298;13384.5411;9406;21;3.9949;86;0;123;295;3;250;2;6291;17;0;0
CATALUNYA;GLOBAL;2020-05-10;2020-05-16;Si;;;1059.1776;444.4002;313;12840.7542;9023;21;4.4474;90;0;140;310;3;266;2;6011;15;0;0
CATALUNYA;GLOBAL;2020-05-09;2020-05-15;Si;;;1118.8096;499.7728;352;12877.6692;9045;25;4.9180;94;1;159;349;3;298;2;6082;18;0;0
CATALUNYA;GLOBAL;2020-05-08;2020-05-14;Si;;;1162.8237;516.8105;364;13077.8623;9182;29;4.9193;99;2;164;361;3;306;2;6241;20;0;0
CATALUNYA;GLOBAL;2020-05-07;2020-05-13;Si;;;1230.9745;505.4520;356;13065.0840;9168;34;4.7402;97;2;196;353;3;300;2;6347;24;0;0
CATALUNYA;GLOBAL;2020-05-06;2020-05-12;Si;;;1422.6487;531.0086;374;13665.6633;9586;39;4.5618;103;2;229;372;2;316;2;6942;29;0;0
CATALUNYA;GLOBAL;2020-05-05;2020-05-11;Si;;;1618.5824;560.8246;395;14033.3939;9842;42;4.5947;111;2;259;392;3;338;1;7344;34;0;0
CATALUNYA;GLOBAL;2020-05-04;2020-05-10;Si;;;1702.3512;624.7160;440;14659.5297;10286;39;4.5868;117;3;278;437;3;367;1;7993;30;0;0
CATALUNYA;GLOBAL;2020-05-03;2020-05-09;Si;;;1827.2944;614.7773;433;15502.8964;10879;40;4.1749;117;4;303;427;6;356;2;8542;33;0;0
CATALUNYA;GLOBAL;2020-05-02;2020-05-08;Si;;;1942.2989;619.0368;436;15419.1276;10820;40;3.8884;127;3;330;429;7;331;2;8530;34;0;0
CATALUNYA;GLOBAL;2020-05-01;2020-05-07;Si;;;2213.4825;646.0131;455;16004.0890;11235;37;3.5918;122;2;369;445;10;332;2;9266;33;0;0
CATALUNYA;GLOBAL;2020-04-30;2020-05-06;Si;;;2602.5102;725.5224;511;17632.6101;12382;37;3.6935;105;2;379;498;13;387;2;10500;32;0;0
CATALUNYA;GLOBAL;2020-04-29;2020-05-05;Si;;;3068.2076;891.6401;628;18203.3734;12788;33;3.8396;92;2;395;615;13;427;1;11118;29;0;0
CATALUNYA;GLOBAL;2020-04-28;2020-05-04;Si;;;3629.0322;1057.7578;745;19512.4375;13713;30;4.5005;71;2;425;734;11;544;2;12105;27;0;0
CATALUNYA;GLOBAL;2020-04-27;2020-05-03;Si;;;4049.2957;1077.6351;759;20382.7805;14322;34;4.4297;50;1;449;743;16;562;5;12768;32;0;0
CATALUNYA;GLOBAL;2020-04-26;2020-05-02;Si;;;4343.1962;1212.5170;854;20993.2985;14753;33;5.0023;37;0;467;841;13;659;4;13223;31;0;0
CATALUNYA;GLOBAL;2020-04-25;2020-05-01;Si;;;4835.8700;1323.2621;932;21927.5329;15410;34;5.5440;17;0;490;919;13;767;4;13875;32;0;0
CATALUNYA;GLOBAL;2020-04-24;2020-04-30;Si;;;6113.6983;1567.4693;1104;23590.1294;16573;42;6.7084;0;0;513;1091;13;991;5;14808;39;0;0
CATALUNYA;GLOBAL;2020-04-23;2020-04-29;Si;;;6890.3339;1876.9877;1322;23003.7482;16156;46;8.2492;0;0;533;1309;13;1178;7;14322;43;0;0
CATALUNYA;GLOBAL;2020-04-22;2020-04-28;Si;;;7621.5356;2176.5674;1533;24261.6992;16963;125;10.5586;0;0;556;1502;31;1592;24;15184;121;0;0
CATALUNYA;GLOBAL;2020-04-21;2020-04-27;Si;;;8129.8273;2571.2744;1811;25262.6646;17648;145;12.0933;0;0;602;1769;42;1912;28;15903;139;0;0
CATALUNYA;GLOBAL;2020-04-20;2020-04-26;Si;;;8452.1240;2971.6606;2093;25268.3439;17648;149;14.2251;0;0;636;2052;41;2249;29;15873;141;0;0
CATALUNYA;GLOBAL;2020-04-19;2020-04-25;Si;;;8581.3266;3130.6792;2205;25333.6551;17693;150;15.0622;0;0;696;2161;44;2390;32;15938;142;0;0
CATALUNYA;GLOBAL;2020-04-18;2020-04-24;Si;;;8943.3780;3512.6079;2474;26392.8328;18441;148;16.2271;0;0;750;2427;47;2698;34;16696;140;0;0
CATALUNYA;GLOBAL;2020-04-17;2020-04-23;Si;;;9363.6415;4546.2289;3202;26117.3898;18204;191;19.3650;0;0;814;3135;67;3196;49;16574;183;0;0
CATALUNYA;GLOBAL;2020-04-16;2020-04-22;Si;;;9704.3957;5013.3462;3531;26219.6160;18258;209;21.1809;0;0;892;3442;89;3529;69;16785;202;0;0
CATALUNYA;GLOBAL;2020-04-15;2020-04-21;Si;;;9856.3153;5444.9681;3835;24388.0622;17007;170;23.6799;0;0;970;3739;96;3675;74;15669;163;0;0
CATALUNYA;GLOBAL;2020-04-14;2020-04-20;Si;;;9783.9050;5558.5529;3915;21602.3966;15047;168;26.8112;0;0;1010;3816;99;3678;82;13861;163;0;0
CATALUNYA;GLOBAL;2020-04-13;2020-04-19;Si;;;9806.6219;5480.4634;3860;19459.9045;13499;207;28.1311;0;0;1073;3759;101;3504;83;12547;204;0;0
CATALUNYA;GLOBAL;2020-04-12;2020-04-18;Si;;;9694.4570;5450.6474;3839;18558.3257;12866;205;29.3695;0;0;1148;3739;100;3473;81;11900;201;0;0
CATALUNYA;GLOBAL;2020-04-11;2020-04-17;Si;;;9427.5329;5430.7701;3825;17027.7714;11774;219;31.9938;0;0;1213;3711;114;3430;97;10810;214;0;0
CATALUNYA;GLOBAL;2020-04-10;2020-04-16;Si;;;8659.4161;4817.4125;3393;14746.1381;10215;171;33.1902;0;0;1250;3289;104;3083;85;9378;167;0;0
CATALUNYA;GLOBAL;2020-04-09;2020-04-15;Si;;;8168.1621;4691.0495;3304;13650.0454;9428;186;34.2299;0;0;1299;3209;95;2938;78;8632;179;0;0
CATALUNYA;GLOBAL;2020-04-08;2020-04-14;Si;;;7669.8091;4411.3471;3107;12272.8305;8476;168;35.0108;0;0;1334;3022;85;2688;74;7727;162;0;0
CATALUNYA;GLOBAL;2020-04-07;2020-04-13;Si;;;7289.3003;4225.3521;2976;11494.7751;7853;243;35.1307;0;0;1388;2894;82;2521;72;7145;236;0;0
CATALUNYA;GLOBAL;2020-04-06;2020-04-12;Si;;;7286.4606;4326.1585;3047;11173.8982;7675;195;37.1043;0;0;1402;2970;77;2569;68;6919;188;0;0
CATALUNYA;GLOBAL;2020-04-05;2020-04-11;Si;;;7337.5738;4243.8096;2989;10459.7342;7175;192;38.6315;0;0;1392;2913;76;2484;68;6420;186;0;0
CATALUNYA;GLOBAL;2020-04-04;2020-04-10;Si;;;7090.5270;3996.7628;2815;9494.2639;6514;173;39.9633;0;0;1377;2757;58;2343;50;5820;168;0;0
CATALUNYA;GLOBAL;2020-04-03;2020-04-09;Si;;;6671.6833;3842.0036;2706;9038.5052;6199;167;41.7876;0;0;1384;2661;45;2315;46;5488;162;0;0
CATALUNYA;GLOBAL;2020-04-02;2020-04-08;Si;;;6225.8632;3477.1126;2449;7810.3702;5376;125;44.3573;0;0;1365;2417;32;2119;31;4723;124;0;0
CATALUNYA;GLOBAL;2020-04-01;2020-04-07;Si;;;5770.1044;3258.4620;2295;7096.2062;4899;99;46.4473;0;0;1319;2278;17;2020;13;4279;98;0;0
CATALUNYA;GLOBAL;2020-03-31;2020-04-06;Si;;;5463.4257;3063.9482;2158;6428.8959;4525;3;48.9399;0;0;1243;2152;6;1937;2;3960;2;0;0
CATALUNYA;GLOBAL;2020-03-30;2020-04-05;Si;;;5163.8459;2960.3021;2085;6441.6742;4535;2;47.9538;0;0;1209;2080;5;1909;1;3982;1;0;0
CATALUNYA;GLOBAL;2020-03-29;2020-04-04;Si;;;5087.1762;3093.7641;2179;6637.6079;4674;1;48.8064;0;0;1137;2175;4;2024;0;4147;0;0;0
CATALUNYA;GLOBAL;2020-03-28;2020-04-03;Si;;;4904.0208;3093.7641;2179;6609.2117;4654;1;48.8786;0;0;1053;2175;4;2005;0;4102;0;0;0
CATALUNYA;GLOBAL;2020-03-27;2020-04-02;Si;;;4459.6206;2829.6796;1993;5904.9863;4158;1;49.8914;0;0;959;1989;4;1837;0;3682;0;0;0
CATALUNYA;GLOBAL;2020-03-26;2020-04-01;Si;;;4171.3993;2748.7505;1936;5557.1331;3913;1;50.4009;0;0;860;1935;1;1760;0;3492;0;0;0
CATALUNYA;GLOBAL;2020-03-25;2020-03-31;Si;;;3761.0745;2511.6424;1769;5024.7046;3538;1;51.2394;0;0;761;1769;0;1633;0;3187;0;0;0
CATALUNYA;GLOBAL;2020-03-24;2020-03-30;Si;;;3448.7164;2399.4775;1690;4740.7428;3339;0;51.4541;0;0;673;1690;0;1557;0;3026;0;0;0
CATALUNYA;GLOBAL;2020-03-23;2020-03-29;Si;;;3056.8491;2203.5438;1552;4125.9654;2906;0;53.4683;0;0;575;1552;0;1426;0;2667;0;0;0
CATALUNYA;GLOBAL;2020-03-22;2020-03-28;Si;;;2770.0477;1993.4120;1404;3587.8577;2527;0;53.0508;0;0;493;1404;0;1252;0;2360;0;0;0
CATALUNYA;GLOBAL;2020-03-21;2020-03-27;Si;;;2464.7887;1810.2567;1275;3052.5897;2150;0;53.4816;0;0;423;1275;0;1106;0;2068;0;0;0
CATALUNYA;GLOBAL;2020-03-20;2020-03-26;Si;;;2128.2939;1629.9409;1148;2757.2694;1942;0;51.8657;0;0;345;1148;0;973;0;1876;0;0;0
CATALUNYA;GLOBAL;2020-03-19;2020-03-25;Si;;;1776.1812;1422.6487;1002;2491.7651;1755;0;50.5889;0;0;287;1002;0;859;0;1698;0;0;0
CATALUNYA;GLOBAL;2020-03-18;2020-03-24;Si;;;1502.1581;1249.4320;880;2250.3975;1585;0;47.9479;0;0;250;879;1;736;0;1535;0;0;0
CATALUNYA;GLOBAL;2020-03-17;2020-03-23;Si;;;1211.0972;1049.2389;739;1938.0395;1365;0;46.0377;0;0;218;738;1;610;0;1325;0;0;0
CATALUNYA;GLOBAL;2020-03-16;2020-03-22;Si;;;961.2108;853.3053;601;1690.9927;1191;0;44.5502;0;0;181;600;1;515;0;1156;0;0;0
CATALUNYA;GLOBAL;2020-03-15;2020-03-21;Si;;;830.5883;776.6356;547;1610.0636;1134;0;43.1550;0;0;156;546;1;476;0;1103;0;0;0
CATALUNYA;GLOBAL;2020-03-14;2020-03-20;Si;;;695.7064;654.5320;461;1358.7573;957;0;41.1702;0;0;142;460;1;387;0;940;0;0;0
CATALUNYA;GLOBAL;2020-03-13;2020-03-19;Si;;;521.0699;498.3530;351;1152.8850;812;0;37.4218;0;0;129;350;1;299;0;799;0;0;0
CATALUNYA;GLOBAL;2020-03-12;2020-03-18;Si;;;363.4711;353.5324;249;921.4561;649;0;34.0659;0;0;106;248;1;217;0;637;0;0;0
CATALUNYA;GLOBAL;2020-03-11;2020-03-17;Si;;;258.4052;252.7260;178;711.3243;501;0;31.3646;0;0;91;178;0;154;0;491;0;0;0
CATALUNYA;GLOBAL;2020-03-10;2020-03-16;Si;;;163.2780;161.8582;114;570.7632;402;0;26.3291;0;0;73;114;0;104;0;395;0;0;0
CATALUNYA;GLOBAL;2020-03-09;2020-03-15;Si;;;109.3253;107.9054;76;442.9804;312;0;23.5294;0;0;56;76;0;72;0;306;0;0;0
CATALUNYA;GLOBAL;2020-03-08;2020-03-14;Si;;;55.3725;53.9527;38;326.5561;230;0;15.1111;0;0;42;38;0;34;0;225;0;0;0
CATALUNYA;GLOBAL;2020-03-07;2020-03-13;Si;;;41.1744;41.1744;29;264.0845;186;0;13.1148;0;0;25;29;0;24;0;183;0;0;0
CATALUNYA;GLOBAL;2020-03-06;2020-03-12;Si;;;22.7169;22.7169;16;177.4761;125;0;8.9431;0;0;15;16;0;11;0;123;0;0;0
CATALUNYA;GLOBAL;2020-03-05;2020-03-11;Si;;;9.9386;9.9386;7;110.7451;78;0;3.8961;0;0;10;7;0;3;0;77;0;0;0
CATALUNYA;GLOBAL;2020-03-04;2020-03-10;Si;;;5.6792;5.6792;4;66.7310;47;0;2.1277;0;0;6;4;0;1;0;47;0;0;0
CATALUNYA;GLOBAL;2020-03-03;2020-03-09;Si;;;1.4198;1.4198;1;32.6556;23;0;0.0000;0;0;3;1;0;0;0;23;0;0;0
CATALUNYA;GLOBAL;2020-03-02;2020-03-08;Si;;;1.4198;1.4198;1;19.8773;14;0;0.0000;0;0;2;1;0;0;0;14;0;0;0
CATALUNYA;GLOBAL;2020-03-01;2020-03-07;Si;;;1.4198;1.4198;1;12.7782;9;0;0.0000;0;0;0;1;0;0;0;9;0;0;0
CATALUNYA;GLOBAL;2020-02-29;2020-03-06;Si;;;0.0000;0.0000;0;5.6792;4;0;0.0000;0;0;0;0;0;0;0;4;0;0;0
CATALUNYA;GLOBAL;2020-02-28;2020-03-05;Si;;;0.0000;0.0000;0;4.2594;3;0;0.0000;0;0;0;0;0;0;0;3;0;0;0
CATALUNYA;GLOBAL;2020-02-27;2020-03-04;Si;;;0.0000;0.0000;0;4.2594;3;0;0.0000;0;0;0;0;0;0;0;3;0;0;0
CATALUNYA;GLOBAL;2020-02-26;2020-03-03;Si;;;0.0000;0.0000;0;1.4198;1;0;0.0000;0;0;0;0;0;0;0;1;0;0;0
CATALUNYA;GLOBAL;2020-02-25;2020-03-02;Si;;;0.0000;0.0000;0;0.0000;0;0;0.0000;0;0;0;0;0;0;0;0;0;0;0
CATALUNYA;GLOBAL;2020-02-24;2020-03-01;Si;;;0.0000;0.0000;0;0.0000;0;0;0.0000;0;0;0;0;0;0;0;0;0;0;0
